#
# There is insufficient memory for the Java Runtime Environment to continue.
# Native memory allocation (malloc) failed to allocate 703840 bytes for Chunk::new
# Possible reasons:
#   The system is out of physical RAM or swap space
#   The process is running with CompressedOops enabled, and the Java Heap may be blocking the growth of the native heap
# Possible solutions:
#   Reduce memory load on the system
#   Increase physical memory or swap space
#   Check if swap backing store is full
#   Decrease Java heap size (-Xmx/-Xms)
#   Decrease number of Java threads
#   Decrease Java thread stack sizes (-Xss)
#   Set larger code cache with -XX:ReservedCodeCacheSize=
#   JVM is running with Unscaled Compressed Oops mode in which the Java heap is
#     placed in the first 4GB address space. The Java Heap base address is the
#     maximum limit for the native heap growth. Please use -XX:HeapBaseMinAddress
#     to set the Java Heap base and to place the Java Heap above 4GB virtual address.
# This output file may be truncated or incomplete.
#
#  Out of Memory Error (arena.cpp:168), pid=71360, tid=67104
#
# JRE version: Java(TM) SE Runtime Environment (21.0.12+7) (build 21.0.12+7-LTS-205)
# Java VM: Java HotSpot(TM) 64-Bit Server VM (21.0.12+7-LTS-205, mixed mode, sharing, tiered, compressed oops, compressed class ptrs, g1 gc, windows-amd64)
# No core dump will be written. Minidumps are not enabled by default on client versions of Windows
#

---------------  S U M M A R Y ------------

Command Line: --add-opens=java.base/java.lang=ALL-UNNAMED --add-opens=java.base/java.lang.invoke=ALL-UNNAMED --add-opens=java.base/java.util=ALL-UNNAMED --add-opens=java.prefs/java.util.prefs=ALL-UNNAMED --add-exports=jdk.compiler/com.sun.tools.javac.api=ALL-UNNAMED --add-exports=jdk.compiler/com.sun.tools.javac.util=ALL-UNNAMED --add-opens=java.base/java.util=ALL-UNNAMED --add-opens=java.prefs/java.util.prefs=ALL-UNNAMED --add-opens=java.base/java.nio.charset=ALL-UNNAMED --add-opens=java.base/java.net=ALL-UNNAMED --add-opens=java.base/java.util.concurrent.atomic=ALL-UNNAMED --add-opens=java.xml/javax.xml.namespace=ALL-UNNAMED -Xmx1100m -Dfile.encoding=UTF-8 -Duser.country=US -Duser.language=en -Duser.variant -javaagent:C:\Users\pars\.gradle\wrapper\dists\gradle-8.11.1-bin\bpt9gzteqjrbo1mjrsomdt32c\gradle-8.11.1\lib\agents\gradle-instrumentation-agent-8.11.1.jar org.gradle.launcher.daemon.bootstrap.GradleDaemon 8.11.1

Host: Intel(R) Core(TM) i9-10920X CPU @ 3.50GHz, 24 cores, 79G,  Windows 11 , 64 bit Build 22621 (10.0.22621.3958)
Time: Mon Aug 24 02:34:46 2026 Caucasus Standard Time elapsed time: 110.506175 seconds (0d 0h 1m 50s)

---------------  T H R E A D  ---------------

Current thread (0x000002757c45d720):  JavaThread "C2 CompilerThread5" daemon [_thread_in_native, id=67104, stack(0x0000009f7a200000,0x0000009f7a300000) (1024K)]


Current CompileTask:
C2: 110506 19298       4       com.android.tools.r8.dex.code.N::a (3284 bytes)

Stack: [0x0000009f7a200000,0x0000009f7a300000]
Native frames: (J=compiled Java code, j=interpreted, Vv=VM code, C=native code)
V  [jvm.dll+0x6d1079]
V  [jvm.dll+0x860376]
V  [jvm.dll+0x86286e]
V  [jvm.dll+0x862f43]
V  [jvm.dll+0x282bd6]
V  [jvm.dll+0xc67ad]
V  [jvm.dll+0xc6cf1]
V  [jvm.dll+0x3bbf3b]
V  [jvm.dll+0x1e347e]
V  [jvm.dll+0x24b683]
V  [jvm.dll+0x24ab0f]
V  [jvm.dll+0x1cae8e]
V  [jvm.dll+0x25a7e9]
V  [jvm.dll+0x258d75]
V  [jvm.dll+0x3f5161]
V  [jvm.dll+0x80ad8d]
V  [jvm.dll+0x6cf91d]
C  [ucrtbase.dll+0x29333]
C  [KERNEL32.DLL+0x1257d]
C  [ntdll.dll+0x5af08]


---------------  P R O C E S S  ---------------

Threads class SMR info:
_java_thread_list=0x000002757ee301c0, length=387, elements={
0x0000027554774800, 0x000002757182c110, 0x000002757182d030, 0x000002757182e630,
0x0000027571832550, 0x00000275718330a0, 0x000002757183dd40, 0x000002757183ecf0,
0x0000027571849dc0, 0x0000027576141750, 0x00000275761e8480, 0x0000027577b412e0,
0x0000027577ac7bd0, 0x0000027577cfa690, 0x0000027577ec3210, 0x0000027577d50d50,
0x0000027577d25130, 0x0000027577eda8a0, 0x0000027577a8fc90, 0x0000027577a8d530,
0x0000027577a90320, 0x0000027577a909b0, 0x0000027577a8dbc0, 0x0000027577a8e250,
0x0000027577a8e8e0, 0x0000027577a8ef70, 0x000002757c6499b0, 0x000002757c649320,
0x000002757c64a6d0, 0x000002757c644460, 0x000002757c643740, 0x000002757c6478e0,
0x000002757c647f70, 0x000002757c645810, 0x000002757c645ea0, 0x000002757c646bc0,
0x000002757c647250, 0x000002757987ae60, 0x000002757987b4f0, 0x000002757987a140,
0x000002757987c210, 0x0000027579878d90, 0x000002757987bb80, 0x000002757987a7d0,
0x0000027579879420, 0x0000027579879ab0, 0x0000027579d02420, 0x0000027579cfbb20,
0x0000027579d01070, 0x0000027579cffcc0, 0x0000027579cfd560, 0x0000027579cfe910,
0x0000027579cfdbf0, 0x0000027579cfc840, 0x0000027579d01d90, 0x0000027579d01700,
0x0000027579cfe280, 0x0000027579cfc1b0, 0x0000027579cfced0, 0x0000027579cfb490,
0x0000027579cff630, 0x0000027579cfefa0, 0x0000027579d00350, 0x0000027579d009e0,
0x0000027579d02ab0, 0x000002757b9b5bf0, 0x000002757b9b6280, 0x000002757b9b5560,
0x000002757b9b6fa0, 0x000002757b9b7630, 0x000002757b9b9700, 0x000002757b9bb7d0,
0x000002757b9b4840, 0x000002757b9b7cc0, 0x000002757b9b6910, 0x000002757b9b8350,
0x000002757b9b89e0, 0x000002757b9b9070, 0x000002757b9bb140, 0x000002757b9baab0,
0x000002757b9bbe60, 0x000002757b9b4ed0, 0x0000027579f49070, 0x0000027579f47cc0,
0x0000027579f4d8a0, 0x0000027579f4be60, 0x0000027579f47630, 0x0000027579f49700,
0x0000027579f49d90, 0x0000027579f48350, 0x0000027579f46fa0, 0x0000027579f4a420,
0x0000027579f46910, 0x0000027579f489e0, 0x0000027579f4aab0, 0x0000027579f4df30,
0x0000027579f4b140, 0x0000027579f4b7d0, 0x0000027579f4c4f0, 0x0000027579f4cb80,
0x0000027579f4d210, 0x0000027576dfdb80, 0x0000027576dfc140, 0x0000027576dfa070,
0x000002757c6304a0, 0x000002757c631ee0, 0x000002757c6311c0, 0x000002757c632570,
0x000002757c631850, 0x000002757c633290, 0x000002757c630b30, 0x000002757c62ea60,
0x000002757c633920, 0x000002757c633fb0, 0x000002757c62f780, 0x000002757c62d020,
0x000002757c634640, 0x000002757c62d6b0, 0x000002757c62dd40, 0x000002757c62fe10,
0x000002757c648600, 0x0000027576df9350, 0x000002757e0b30e0, 0x000002757e0ba070,
0x000002757e0b7910, 0x000002757e0ba700, 0x000002757e0b99e0, 0x000002757e0b4490,
0x000002757e0b3770, 0x000002757e0b5ed0, 0x000002757e0b8cc0, 0x000002757e0b51b0,
0x000002757e0b4b20, 0x000002757e0b5840, 0x000002757e0b6560, 0x000002757e0b6bf0,
0x000002757e0b7280, 0x000002757e0b7fa0, 0x000002757e0b8630, 0x000002757e0b9350,
0x00000275788d7800, 0x00000275788d7170, 0x00000275788d9240, 0x00000275788db310,
0x00000275788d5dc0, 0x00000275788d6ae0, 0x00000275788d5730, 0x00000275788d4380,
0x00000275788d6450, 0x00000275788d7e90, 0x00000275788d8520, 0x00000275788d8bb0,
0x00000275454c9870, 0x00000275454c56d0, 0x00000275454ca590, 0x00000275454cac20,
0x00000275454c5040, 0x00000275454c63f0, 0x00000275454c91e0, 0x00000275454cc660,
0x00000275454cccf0, 0x00000275454cd380, 0x00000275454ce730, 0x00000275454cda10,
0x00000275454ce0a0, 0x00000275454c77a0, 0x00000275454c7e30, 0x00000275454cedc0,
0x00000275454d2240, 0x00000275454d4310, 0x00000275454cf450, 0x00000275454cfae0,
0x00000275454d0170, 0x00000275454d0800, 0x00000275454d2f60, 0x00000275454c6a80,
0x00000275454c9f00, 0x00000275454cb2b0, 0x00000275454c7110, 0x00000275454c84c0,
0x00000275454c8b50, 0x00000275454d0e90, 0x00000275454cb940, 0x00000275454d1bb0,
0x00000275454d1520, 0x00000275454cbfd0, 0x00000275454d28d0, 0x00000275454d35f0,
0x00000275454d3c80, 0x00000275788d4a10, 0x00000275788d9f60, 0x00000275788dac80,
0x00000275788d50a0, 0x000002757c62e3d0, 0x000002757d1bf670, 0x000002757d1c0a20,
0x000002757d1c3ea0, 0x000002757d1c1dd0, 0x000002757d1c3810, 0x000002757d1c4530,
0x000002757d1bdc30, 0x000002757d1c2460, 0x000002757d1c4bc0, 0x000002757d1c3180,
0x000002757d1c2af0, 0x000002757d1c1740, 0x000002757d1c5250, 0x000002757d1be2c0,
0x000002757d1c58e0, 0x000002757d1be950, 0x000002757d1c5f70, 0x000002757d1c10b0,
0x000002757d1befe0, 0x000002757d1c0390, 0x000002757d1bfd00, 0x000002757d1c6600,
0x000002757d1ca7a0, 0x000002757d1c93f0, 0x000002757d1c6c90, 0x000002757d1cc1e0,
0x000002757d1c7320, 0x000002757d1c79b0, 0x000002757d1ca110, 0x000002757d1cbb50,
0x000002757d1cc870, 0x000002757d1cb4c0, 0x000002757d1ccf00, 0x000002757d1c8040,
0x000002757d1c86d0, 0x000002757d1c8d60, 0x000002757d1c9a80, 0x000002757d1cae30,
0x000002757dad7ec0, 0x000002757dadb340, 0x000002757dad7830, 0x000002757dad9900,
0x000002757dadb9d0, 0x000002757dadd410, 0x000002757dad6480, 0x000002757dadc6f0,
0x000002757dad71a0, 0x000002757dad8be0, 0x000002757dadcd80, 0x000002757dad9f90,
0x000002757dad8550, 0x000002757dad9270, 0x000002757dadc060, 0x000002757dada620,
0x000002757dadacb0, 0x000002757daddaa0, 0x000002757dad6b10, 0x000002757dadee50,
0x000002757dade7c0, 0x000002757dae3d10, 0x000002757dadf4e0, 0x000002757dae2960,
0x000002757dae3680, 0x000002757dae0f20, 0x000002757dae15b0, 0x000002757dae50c0,
0x000002757dae1c40, 0x000002757dae22d0, 0x000002757dae2ff0, 0x000002757dade130,
0x000002757dae43a0, 0x000002757dae0200, 0x000002757dae5750, 0x000002757dae4a30,
0x000002757dadfb70, 0x000002757dae0890, 0x0000027545b01ba0, 0x0000027545b07780,
0x0000027545b028c0, 0x0000027545b063d0, 0x0000027545b07e10, 0x0000027545b05d40,
0x0000027545b084a0, 0x0000027545b056b0, 0x0000027545b02f50, 0x0000027545b05020,
0x0000027545b06a60, 0x0000027545b08b30, 0x0000027545b02230, 0x0000027545b091c0,
0x0000027545b04990, 0x0000027545b04300, 0x0000027545b09850, 0x0000027545b09ee0,
0x0000027545b070f0, 0x0000027545b0a570, 0x0000027545b03c70, 0x0000027545b035e0,
0x0000027545b0f430, 0x0000027545b0bfb0, 0x0000027545b0b290, 0x0000027545b0ac00,
0x0000027545b0e710, 0x0000027545b0fac0, 0x0000027545b0b920, 0x0000027545b0e080,
0x0000027545b0d9f0, 0x0000027545b10e70, 0x00000275788da5f0, 0x000002757be28230,
0x000002757be22ce0, 0x000002757be24db0, 0x000002757acb87d0, 0x000002757acb6c90,
0x000002757be2ca60, 0x000002757be30c00, 0x000002757be31fb0, 0x000002757be2fee0,
0x000002757be2de10, 0x000002757be2f850, 0x000002757be2b020, 0x000002757be31290,
0x000002757be2eb30, 0x000002757be2bd40, 0x000002757be2b6b0, 0x000002757be2d780,
0x000002757be2e4a0, 0x0000027578414ce0, 0x0000027578414650, 0x00000275784111d0,
0x0000027578411860, 0x0000027578411ef0, 0x0000027578412580, 0x000002757840fe20,
0x0000027578412c10, 0x00000275784132a0, 0x00000275784104b0, 0x0000027578410b40,
0x00000275786dab50, 0x00000275783f60b0, 0x0000027578408170, 0x0000027578406730,
0x0000027578406dc0, 0x0000027578409520, 0x0000027578407450, 0x0000027578407ae0,
0x0000027578409bb0, 0x0000027578402c20, 0x000002757840a240, 0x00000275784032b0,
0x000002757840d030, 0x000002757840c310, 0x000002757840c9a0, 0x000002757840ea70,
0x000002757840af60, 0x000002757840e3e0, 0x000002757840b5f0, 0x000002757840d6c0,
0x000002757840f790, 0x000002757840a8d0, 0x000002757840bc80, 0x000002757840dd50,
0x000002757c45ddf0, 0x000002757c463680, 0x000002757c45f260, 0x000002757c45c2b0,
0x00000275783fa8e0, 0x00000275783f9530, 0x00000275783f8180, 0x00000275783f9bc0,
0x00000275783fc320, 0x00000275783f5a20, 0x00000275783fd040, 0x00000275783f6dd0,
0x00000275783fb600, 0x00000275783fd6d0, 0x00000275783f6740, 0x00000275783fe3f0,
0x00000275783f7460, 0x00000275783fa250, 0x00000275783fea80, 0x00000275783f7af0,
0x00000275783ff7a0, 0x0000027578404cf0, 0x0000027578404660, 0x00000275784011e0,
0x0000027578403940, 0x0000027578403fd0, 0x0000027578405380, 0x0000027578400b50,
0x000002757c45d720, 0x000002757acb2f40, 0x000002757acb65c0
}

Java Threads: ( => current thread )
  0x0000027554774800 JavaThread "main"                              [_thread_blocked, id=82680, stack(0x0000009f62200000,0x0000009f62300000) (1024K)]
  0x000002757182c110 JavaThread "Reference Handler"          daemon [_thread_blocked, id=57376, stack(0x0000009f62a00000,0x0000009f62b00000) (1024K)]
  0x000002757182d030 JavaThread "Finalizer"                  daemon [_thread_blocked, id=78052, stack(0x0000009f62b00000,0x0000009f62c00000) (1024K)]
  0x000002757182e630 JavaThread "Signal Dispatcher"          daemon [_thread_blocked, id=7492, stack(0x0000009f62c00000,0x0000009f62d00000) (1024K)]
  0x0000027571832550 JavaThread "Attach Listener"            daemon [_thread_blocked, id=70216, stack(0x0000009f62d00000,0x0000009f62e00000) (1024K)]
  0x00000275718330a0 JavaThread "Service Thread"             daemon [_thread_blocked, id=55256, stack(0x0000009f62e00000,0x0000009f62f00000) (1024K)]
  0x000002757183dd40 JavaThread "Monitor Deflation Thread"   daemon [_thread_blocked, id=12680, stack(0x0000009f62f00000,0x0000009f63000000) (1024K)]
  0x000002757183ecf0 JavaThread "C2 CompilerThread0"         daemon [_thread_in_native, id=68304, stack(0x0000009f63000000,0x0000009f63100000) (1024K)]
  0x0000027571849dc0 JavaThread "C1 CompilerThread0"         daemon [_thread_blocked, id=53100, stack(0x0000009f63100000,0x0000009f63200000) (1024K)]
  0x0000027576141750 JavaThread "Common-Cleaner"             daemon [_thread_blocked, id=18244, stack(0x0000009f63300000,0x0000009f63400000) (1024K)]
  0x00000275761e8480 JavaThread "Notification Thread"        daemon [_thread_blocked, id=49244, stack(0x0000009f63400000,0x0000009f63500000) (1024K)]
  0x0000027577b412e0 JavaThread "Daemon health stats"               [_thread_blocked, id=2480, stack(0x0000009f63800000,0x0000009f63900000) (1024K)]
  0x0000027577ac7bd0 JavaThread "Incoming local TCP Connector on port 26095"        [_thread_in_native, id=74740, stack(0x0000009f63700000,0x0000009f63800000) (1024K)]
  0x0000027577cfa690 JavaThread "Daemon periodic checks"            [_thread_blocked, id=81632, stack(0x0000009f64c00000,0x0000009f64d00000) (1024K)]
  0x0000027577ec3210 JavaThread "Daemon"                            [_thread_blocked, id=73500, stack(0x0000009f64b00000,0x0000009f64c00000) (1024K)]
  0x0000027577d50d50 JavaThread "Handler for socket connection from /127.0.0.1:26095 to /127.0.0.1:26096"        [_thread_in_native, id=40192, stack(0x0000009f64d00000,0x0000009f64e00000) (1024K)]
  0x0000027577d25130 JavaThread "Cancel handler"                    [_thread_blocked, id=61668, stack(0x0000009f64e00000,0x0000009f64f00000) (1024K)]
  0x0000027577eda8a0 JavaThread "Daemon worker"                     [_thread_blocked, id=62676, stack(0x0000009f64f00000,0x0000009f65000000) (1024K)]
  0x0000027577a8fc90 JavaThread "Asynchronous log dispatcher for DefaultDaemonConnection: socket connection from /127.0.0.1:26095 to /127.0.0.1:26096"        [_thread_blocked, id=34084, stack(0x0000009f65000000,0x0000009f65100000) (1024K)]
  0x0000027577a8d530 JavaThread "Stdin handler"                     [_thread_blocked, id=41952, stack(0x0000009f65100000,0x0000009f65200000) (1024K)]
  0x0000027577a90320 JavaThread "Daemon client event forwarder"        [_thread_blocked, id=67604, stack(0x0000009f65200000,0x0000009f65300000) (1024K)]
  0x0000027577a909b0 JavaThread "Cache worker for journal cache (C:\Users\pars\.gradle\caches\journal-1)"        [_thread_blocked, id=76156, stack(0x0000009f65300000,0x0000009f65400000) (1024K)]
  0x0000027577a8dbc0 JavaThread "File lock request listener"        [_thread_in_native, id=33368, stack(0x0000009f65400000,0x0000009f65500000) (1024K)]
  0x0000027577a8e250 JavaThread "Cache worker for file hash cache (C:\Users\pars\.gradle\caches\8.11.1\fileHashes)"        [_thread_blocked, id=47956, stack(0x0000009f63500000,0x0000009f63600000) (1024K)]
  0x0000027577a8e8e0 JavaThread "File lock release action executor"        [_thread_blocked, id=79372, stack(0x0000009f65500000,0x0000009f65600000) (1024K)]
  0x0000027577a8ef70 JavaThread "Cache worker for file content cache (C:\Users\pars\.gradle\caches\8.11.1\fileContent)"        [_thread_blocked, id=43020, stack(0x0000009f65800000,0x0000009f65900000) (1024K)]
  0x000002757c6499b0 JavaThread "Cache worker for file hash cache (D:\xampp\htdocs\pcoin\contrib\android\.gradle\8.11.1\fileHashes)"        [_thread_blocked, id=2840, stack(0x0000009f65e00000,0x0000009f65f00000) (1024K)]
  0x000002757c649320 JavaThread "Cache worker for Build Output Cleanup Cache (D:\xampp\htdocs\pcoin\contrib\android\.gradle\buildOutputCleanup)"        [_thread_blocked, id=16376, stack(0x0000009f65f00000,0x0000009f66000000) (1024K)]
  0x000002757c64a6d0 JavaThread "File watcher server"        daemon [_thread_in_native, id=67212, stack(0x0000009f66000000,0x0000009f66100000) (1024K)]
  0x000002757c644460 JavaThread "File watcher consumer"      daemon [_thread_blocked, id=82816, stack(0x0000009f66100000,0x0000009f66200000) (1024K)]
  0x000002757c643740 JavaThread "Cache worker for checksums cache (D:\xampp\htdocs\pcoin\contrib\android\.gradle\8.11.1\checksums)"        [_thread_blocked, id=77152, stack(0x0000009f66200000,0x0000009f66300000) (1024K)]
  0x000002757c6478e0 JavaThread "Cache worker for cache directory md-rule (C:\Users\pars\.gradle\caches\8.11.1\md-rule)"        [_thread_blocked, id=59216, stack(0x0000009f66300000,0x0000009f66400000) (1024K)]
  0x000002757c647f70 JavaThread "Cache worker for cache directory md-supplier (C:\Users\pars\.gradle\caches\8.11.1\md-supplier)"        [_thread_blocked, id=27316, stack(0x0000009f66400000,0x0000009f66500000) (1024K)]
  0x000002757c645810 JavaThread "Unconstrained build operations"        [_thread_blocked, id=31648, stack(0x0000009f63600000,0x0000009f63700000) (1024K)]
  0x000002757c645ea0 JavaThread "Unconstrained build operations Thread 2"        [_thread_blocked, id=19956, stack(0x0000009f65600000,0x0000009f65700000) (1024K)]
  0x000002757c646bc0 JavaThread "Unconstrained build operations Thread 3"        [_thread_blocked, id=72972, stack(0x0000009f65700000,0x0000009f65800000) (1024K)]
  0x000002757c647250 JavaThread "Unconstrained build operations Thread 4"        [_thread_blocked, id=80808, stack(0x0000009f65900000,0x0000009f65a00000) (1024K)]
  0x000002757987ae60 JavaThread "Unconstrained build operations Thread 5"        [_thread_blocked, id=4980, stack(0x0000009f66500000,0x0000009f66600000) (1024K)]
  0x000002757987b4f0 JavaThread "Unconstrained build operations Thread 6"        [_thread_blocked, id=28728, stack(0x0000009f66600000,0x0000009f66700000) (1024K)]
  0x000002757987a140 JavaThread "Unconstrained build operations Thread 7"        [_thread_blocked, id=71596, stack(0x0000009f66700000,0x0000009f66800000) (1024K)]
  0x000002757987c210 JavaThread "Unconstrained build operations Thread 8"        [_thread_blocked, id=52564, stack(0x0000009f66800000,0x0000009f66900000) (1024K)]
  0x0000027579878d90 JavaThread "Unconstrained build operations Thread 9"        [_thread_blocked, id=46972, stack(0x0000009f66900000,0x0000009f66a00000) (1024K)]
  0x000002757987bb80 JavaThread "Unconstrained build operations Thread 10"        [_thread_blocked, id=30968, stack(0x0000009f66a00000,0x0000009f66b00000) (1024K)]
  0x000002757987a7d0 JavaThread "Unconstrained build operations Thread 11"        [_thread_blocked, id=61392, stack(0x0000009f66b00000,0x0000009f66c00000) (1024K)]
  0x0000027579879420 JavaThread "Unconstrained build operations Thread 12"        [_thread_blocked, id=33768, stack(0x0000009f66c00000,0x0000009f66d00000) (1024K)]
  0x0000027579879ab0 JavaThread "Unconstrained build operations Thread 13"        [_thread_blocked, id=69988, stack(0x0000009f66d00000,0x0000009f66e00000) (1024K)]
  0x0000027579d02420 JavaThread "Unconstrained build operations Thread 14"        [_thread_blocked, id=45124, stack(0x0000009f66e00000,0x0000009f66f00000) (1024K)]
  0x0000027579cfbb20 JavaThread "Unconstrained build operations Thread 15"        [_thread_blocked, id=11804, stack(0x0000009f66f00000,0x0000009f67000000) (1024K)]
  0x0000027579d01070 JavaThread "Unconstrained build operations Thread 16"        [_thread_blocked, id=46376, stack(0x0000009f67000000,0x0000009f67100000) (1024K)]
  0x0000027579cffcc0 JavaThread "Unconstrained build operations Thread 17"        [_thread_blocked, id=24832, stack(0x0000009f67100000,0x0000009f67200000) (1024K)]
  0x0000027579cfd560 JavaThread "Unconstrained build operations Thread 18"        [_thread_blocked, id=55888, stack(0x0000009f67200000,0x0000009f67300000) (1024K)]
  0x0000027579cfe910 JavaThread "Unconstrained build operations Thread 19"        [_thread_blocked, id=73000, stack(0x0000009f67300000,0x0000009f67400000) (1024K)]
  0x0000027579cfdbf0 JavaThread "Unconstrained build operations Thread 20"        [_thread_blocked, id=71392, stack(0x0000009f67400000,0x0000009f67500000) (1024K)]
  0x0000027579cfc840 JavaThread "Unconstrained build operations Thread 21"        [_thread_blocked, id=24352, stack(0x0000009f67500000,0x0000009f67600000) (1024K)]
  0x0000027579d01d90 JavaThread "Unconstrained build operations Thread 22"        [_thread_blocked, id=14576, stack(0x0000009f67600000,0x0000009f67700000) (1024K)]
  0x0000027579d01700 JavaThread "Unconstrained build operations Thread 23"        [_thread_blocked, id=20032, stack(0x0000009f67700000,0x0000009f67800000) (1024K)]
  0x0000027579cfe280 JavaThread "Unconstrained build operations Thread 24"        [_thread_blocked, id=5844, stack(0x0000009f67800000,0x0000009f67900000) (1024K)]
  0x0000027579cfc1b0 JavaThread "Unconstrained build operations Thread 25"        [_thread_blocked, id=47720, stack(0x0000009f67900000,0x0000009f67a00000) (1024K)]
  0x0000027579cfced0 JavaThread "Unconstrained build operations Thread 26"        [_thread_blocked, id=16984, stack(0x0000009f67a00000,0x0000009f67b00000) (1024K)]
  0x0000027579cfb490 JavaThread "Unconstrained build operations Thread 27"        [_thread_blocked, id=69392, stack(0x0000009f67b00000,0x0000009f67c00000) (1024K)]
  0x0000027579cff630 JavaThread "Unconstrained build operations Thread 28"        [_thread_blocked, id=21816, stack(0x0000009f67c00000,0x0000009f67d00000) (1024K)]
  0x0000027579cfefa0 JavaThread "Unconstrained build operations Thread 29"        [_thread_blocked, id=81176, stack(0x0000009f67d00000,0x0000009f67e00000) (1024K)]
  0x0000027579d00350 JavaThread "Unconstrained build operations Thread 30"        [_thread_blocked, id=44636, stack(0x0000009f67e00000,0x0000009f67f00000) (1024K)]
  0x0000027579d009e0 JavaThread "Unconstrained build operations Thread 31"        [_thread_blocked, id=53560, stack(0x0000009f67f00000,0x0000009f68000000) (1024K)]
  0x0000027579d02ab0 JavaThread "Unconstrained build operations Thread 32"        [_thread_blocked, id=15948, stack(0x0000009f68000000,0x0000009f68100000) (1024K)]
  0x000002757b9b5bf0 JavaThread "Unconstrained build operations Thread 33"        [_thread_blocked, id=37376, stack(0x0000009f68100000,0x0000009f68200000) (1024K)]
  0x000002757b9b6280 JavaThread "Unconstrained build operations Thread 34"        [_thread_blocked, id=49340, stack(0x0000009f68200000,0x0000009f68300000) (1024K)]
  0x000002757b9b5560 JavaThread "Unconstrained build operations Thread 35"        [_thread_blocked, id=63936, stack(0x0000009f68300000,0x0000009f68400000) (1024K)]
  0x000002757b9b6fa0 JavaThread "Unconstrained build operations Thread 36"        [_thread_blocked, id=11084, stack(0x0000009f68400000,0x0000009f68500000) (1024K)]
  0x000002757b9b7630 JavaThread "Unconstrained build operations Thread 37"        [_thread_blocked, id=51084, stack(0x0000009f68500000,0x0000009f68600000) (1024K)]
  0x000002757b9b9700 JavaThread "Unconstrained build operations Thread 38"        [_thread_blocked, id=81384, stack(0x0000009f68600000,0x0000009f68700000) (1024K)]
  0x000002757b9bb7d0 JavaThread "Unconstrained build operations Thread 39"        [_thread_blocked, id=41572, stack(0x0000009f68700000,0x0000009f68800000) (1024K)]
  0x000002757b9b4840 JavaThread "Unconstrained build operations Thread 40"        [_thread_blocked, id=16628, stack(0x0000009f68800000,0x0000009f68900000) (1024K)]
  0x000002757b9b7cc0 JavaThread "Unconstrained build operations Thread 41"        [_thread_blocked, id=79552, stack(0x0000009f68900000,0x0000009f68a00000) (1024K)]
  0x000002757b9b6910 JavaThread "Unconstrained build operations Thread 42"        [_thread_blocked, id=32692, stack(0x0000009f68a00000,0x0000009f68b00000) (1024K)]
  0x000002757b9b8350 JavaThread "Unconstrained build operations Thread 43"        [_thread_blocked, id=50268, stack(0x0000009f68b00000,0x0000009f68c00000) (1024K)]
  0x000002757b9b89e0 JavaThread "Unconstrained build operations Thread 44"        [_thread_blocked, id=57664, stack(0x0000009f68c00000,0x0000009f68d00000) (1024K)]
  0x000002757b9b9070 JavaThread "Unconstrained build operations Thread 45"        [_thread_blocked, id=60228, stack(0x0000009f68d00000,0x0000009f68e00000) (1024K)]
  0x000002757b9bb140 JavaThread "Unconstrained build operations Thread 46"        [_thread_blocked, id=19844, stack(0x0000009f68f00000,0x0000009f69000000) (1024K)]
  0x000002757b9baab0 JavaThread "Unconstrained build operations Thread 47"        [_thread_blocked, id=32268, stack(0x0000009f69000000,0x0000009f69100000) (1024K)]
  0x000002757b9bbe60 JavaThread "Unconstrained build operations Thread 48"        [_thread_blocked, id=43668, stack(0x0000009f69200000,0x0000009f69300000) (1024K)]
  0x000002757b9b4ed0 JavaThread "Unconstrained build operations Thread 49"        [_thread_blocked, id=47860, stack(0x0000009f69300000,0x0000009f69400000) (1024K)]
  0x0000027579f49070 JavaThread "Unconstrained build operations Thread 50"        [_thread_blocked, id=29736, stack(0x0000009f68e00000,0x0000009f68f00000) (1024K)]
  0x0000027579f47cc0 JavaThread "Unconstrained build operations Thread 51"        [_thread_blocked, id=11120, stack(0x0000009f69400000,0x0000009f69500000) (1024K)]
  0x0000027579f4d8a0 JavaThread "Unconstrained build operations Thread 52"        [_thread_blocked, id=63668, stack(0x0000009f69500000,0x0000009f69600000) (1024K)]
  0x0000027579f4be60 JavaThread "Unconstrained build operations Thread 53"        [_thread_blocked, id=36192, stack(0x0000009f69600000,0x0000009f69700000) (1024K)]
  0x0000027579f47630 JavaThread "Unconstrained build operations Thread 54"        [_thread_blocked, id=76564, stack(0x0000009f69700000,0x0000009f69800000) (1024K)]
  0x0000027579f49700 JavaThread "Unconstrained build operations Thread 55"        [_thread_blocked, id=77984, stack(0x0000009f69800000,0x0000009f69900000) (1024K)]
  0x0000027579f49d90 JavaThread "Unconstrained build operations Thread 56"        [_thread_blocked, id=80224, stack(0x0000009f69900000,0x0000009f69a00000) (1024K)]
  0x0000027579f48350 JavaThread "Unconstrained build operations Thread 57"        [_thread_blocked, id=15708, stack(0x0000009f69a00000,0x0000009f69b00000) (1024K)]
  0x0000027579f46fa0 JavaThread "Unconstrained build operations Thread 58"        [_thread_blocked, id=16872, stack(0x0000009f69b00000,0x0000009f69c00000) (1024K)]
  0x0000027579f4a420 JavaThread "Unconstrained build operations Thread 59"        [_thread_blocked, id=13000, stack(0x0000009f69c00000,0x0000009f69d00000) (1024K)]
  0x0000027579f46910 JavaThread "Unconstrained build operations Thread 60"        [_thread_blocked, id=8188, stack(0x0000009f69d00000,0x0000009f69e00000) (1024K)]
  0x0000027579f489e0 JavaThread "Unconstrained build operations Thread 61"        [_thread_blocked, id=16172, stack(0x0000009f69e00000,0x0000009f69f00000) (1024K)]
  0x0000027579f4aab0 JavaThread "Unconstrained build operations Thread 62"        [_thread_blocked, id=53232, stack(0x0000009f69f00000,0x0000009f6a000000) (1024K)]
  0x0000027579f4df30 JavaThread "Unconstrained build operations Thread 63"        [_thread_blocked, id=59580, stack(0x0000009f6a000000,0x0000009f6a100000) (1024K)]
  0x0000027579f4b140 JavaThread "Unconstrained build operations Thread 64"        [_thread_blocked, id=44660, stack(0x0000009f6a100000,0x0000009f6a200000) (1024K)]
  0x0000027579f4b7d0 JavaThread "Unconstrained build operations Thread 65"        [_thread_blocked, id=13408, stack(0x0000009f6a200000,0x0000009f6a300000) (1024K)]
  0x0000027579f4c4f0 JavaThread "Unconstrained build operations Thread 66"        [_thread_blocked, id=4792, stack(0x0000009f6a300000,0x0000009f6a400000) (1024K)]
  0x0000027579f4cb80 JavaThread "Unconstrained build operations Thread 67"        [_thread_blocked, id=50696, stack(0x0000009f6a400000,0x0000009f6a500000) (1024K)]
  0x0000027579f4d210 JavaThread "Unconstrained build operations Thread 68"        [_thread_blocked, id=21028, stack(0x0000009f6a500000,0x0000009f6a600000) (1024K)]
  0x0000027576dfdb80 JavaThread "Unconstrained build operations Thread 69"        [_thread_blocked, id=49336, stack(0x0000009f6a600000,0x0000009f6a700000) (1024K)]
  0x0000027576dfc140 JavaThread "Memory manager"                    [_thread_blocked, id=29968, stack(0x0000009f63900000,0x0000009f63a00000) (1024K)]
  0x0000027576dfa070 JavaThread "build event listener"              [_thread_blocked, id=30156, stack(0x0000009f6a700000,0x0000009f6a800000) (1024K)]
  0x000002757c6304a0 JavaThread "included builds"                   [_thread_blocked, id=68240, stack(0x0000009f6ab00000,0x0000009f6ac00000) (1024K)]
  0x000002757c631ee0 JavaThread "Execution worker"                  [_thread_blocked, id=13544, stack(0x0000009f6ac00000,0x0000009f6ad00000) (1024K)]
  0x000002757c6311c0 JavaThread "Execution worker Thread 2"         [_thread_blocked, id=45656, stack(0x0000009f6ad00000,0x0000009f6ae00000) (1024K)]
  0x000002757c632570 JavaThread "Execution worker Thread 3"         [_thread_blocked, id=49116, stack(0x0000009f6ae00000,0x0000009f6af00000) (1024K)]
  0x000002757c631850 JavaThread "Execution worker Thread 4"         [_thread_blocked, id=78808, stack(0x0000009f6af00000,0x0000009f6b000000) (1024K)]
  0x000002757c633290 JavaThread "Execution worker Thread 5"         [_thread_blocked, id=77300, stack(0x0000009f6b000000,0x0000009f6b100000) (1024K)]
  0x000002757c630b30 JavaThread "Execution worker Thread 6"         [_thread_blocked, id=77556, stack(0x0000009f6b100000,0x0000009f6b200000) (1024K)]
  0x000002757c62ea60 JavaThread "Execution worker Thread 7"         [_thread_blocked, id=25204, stack(0x0000009f6b200000,0x0000009f6b300000) (1024K)]
  0x000002757c633920 JavaThread "Execution worker Thread 8"         [_thread_blocked, id=51900, stack(0x0000009f6b300000,0x0000009f6b400000) (1024K)]
  0x000002757c633fb0 JavaThread "Execution worker Thread 9"         [_thread_blocked, id=10456, stack(0x0000009f6b400000,0x0000009f6b500000) (1024K)]
  0x000002757c62f780 JavaThread "Execution worker Thread 10"        [_thread_blocked, id=80744, stack(0x0000009f6b500000,0x0000009f6b600000) (1024K)]
  0x000002757c62d020 JavaThread "Execution worker Thread 11"        [_thread_blocked, id=41492, stack(0x0000009f6b600000,0x0000009f6b700000) (1024K)]
  0x000002757c634640 JavaThread "Execution worker Thread 12"        [_thread_blocked, id=60388, stack(0x0000009f6b700000,0x0000009f6b800000) (1024K)]
  0x000002757c62d6b0 JavaThread "Execution worker Thread 13"        [_thread_blocked, id=27052, stack(0x0000009f6b800000,0x0000009f6b900000) (1024K)]
  0x000002757c62dd40 JavaThread "Execution worker Thread 14"        [_thread_blocked, id=36580, stack(0x0000009f6b900000,0x0000009f6ba00000) (1024K)]
  0x000002757c62fe10 JavaThread "Execution worker Thread 15"        [_thread_blocked, id=51320, stack(0x0000009f6ba00000,0x0000009f6bb00000) (1024K)]
  0x000002757c648600 JavaThread "Execution worker Thread 16"        [_thread_blocked, id=63912, stack(0x0000009f6bb00000,0x0000009f6bc00000) (1024K)]
  0x0000027576df9350 JavaThread "Execution worker Thread 17"        [_thread_blocked, id=37940, stack(0x0000009f6bc00000,0x0000009f6bd00000) (1024K)]
  0x000002757e0b30e0 JavaThread "Execution worker Thread 18"        [_thread_blocked, id=8664, stack(0x0000009f6bd00000,0x0000009f6be00000) (1024K)]
  0x000002757e0ba070 JavaThread "Execution worker Thread 19"        [_thread_blocked, id=32216, stack(0x0000009f6be00000,0x0000009f6bf00000) (1024K)]
  0x000002757e0b7910 JavaThread "Execution worker Thread 20"        [_thread_blocked, id=78840, stack(0x0000009f6bf00000,0x0000009f6c000000) (1024K)]
  0x000002757e0ba700 JavaThread "Execution worker Thread 21"        [_thread_blocked, id=14564, stack(0x0000009f6c000000,0x0000009f6c100000) (1024K)]
  0x000002757e0b99e0 JavaThread "Execution worker Thread 22"        [_thread_blocked, id=80964, stack(0x0000009f6c100000,0x0000009f6c200000) (1024K)]
  0x000002757e0b4490 JavaThread "Execution worker Thread 23"        [_thread_blocked, id=69280, stack(0x0000009f6c200000,0x0000009f6c300000) (1024K)]
  0x000002757e0b3770 JavaThread "Cache worker for execution history cache (D:\xampp\htdocs\pcoin\contrib\android\.gradle\8.11.1\executionHistory)"        [_thread_blocked, id=45764, stack(0x0000009f6c300000,0x0000009f6c400000) (1024K)]
  0x000002757e0b5ed0 JavaThread "Unconstrained build operations Thread 70"        [_thread_blocked, id=82076, stack(0x0000009f6aa00000,0x0000009f6ab00000) (1024K)]
  0x000002757e0b8cc0 JavaThread "Unconstrained build operations Thread 71"        [_thread_blocked, id=11844, stack(0x0000009f6c400000,0x0000009f6c500000) (1024K)]
  0x000002757e0b51b0 JavaThread "Unconstrained build operations Thread 72"        [_thread_blocked, id=39672, stack(0x0000009f6c500000,0x0000009f6c600000) (1024K)]
  0x000002757e0b4b20 JavaThread "Unconstrained build operations Thread 73"        [_thread_blocked, id=15308, stack(0x0000009f6c600000,0x0000009f6c700000) (1024K)]
  0x000002757e0b5840 JavaThread "Unconstrained build operations Thread 74"        [_thread_blocked, id=26208, stack(0x0000009f6c700000,0x0000009f6c800000) (1024K)]
  0x000002757e0b6560 JavaThread "Unconstrained build operations Thread 75"        [_thread_blocked, id=80860, stack(0x0000009f6c800000,0x0000009f6c900000) (1024K)]
  0x000002757e0b6bf0 JavaThread "Unconstrained build operations Thread 76"        [_thread_blocked, id=39220, stack(0x0000009f6c900000,0x0000009f6ca00000) (1024K)]
  0x000002757e0b7280 JavaThread "Unconstrained build operations Thread 77"        [_thread_blocked, id=36348, stack(0x0000009f6ca00000,0x0000009f6cb00000) (1024K)]
  0x000002757e0b7fa0 JavaThread "Unconstrained build operations Thread 78"        [_thread_blocked, id=7144, stack(0x0000009f6cb00000,0x0000009f6cc00000) (1024K)]
  0x000002757e0b8630 JavaThread "Unconstrained build operations Thread 79"        [_thread_blocked, id=28320, stack(0x0000009f6cc00000,0x0000009f6cd00000) (1024K)]
  0x000002757e0b9350 JavaThread "Unconstrained build operations Thread 80"        [_thread_blocked, id=48756, stack(0x0000009f6cd00000,0x0000009f6ce00000) (1024K)]
  0x00000275788d7800 JavaThread "Unconstrained build operations Thread 81"        [_thread_blocked, id=79176, stack(0x0000009f6ce00000,0x0000009f6cf00000) (1024K)]
  0x00000275788d7170 JavaThread "Unconstrained build operations Thread 82"        [_thread_blocked, id=21268, stack(0x0000009f6cf00000,0x0000009f6d000000) (1024K)]
  0x00000275788d9240 JavaThread "Unconstrained build operations Thread 83"        [_thread_blocked, id=81904, stack(0x0000009f6d000000,0x0000009f6d100000) (1024K)]
  0x00000275788db310 JavaThread "Unconstrained build operations Thread 84"        [_thread_blocked, id=71144, stack(0x0000009f6d100000,0x0000009f6d200000) (1024K)]
  0x00000275788d5dc0 JavaThread "Unconstrained build operations Thread 85"        [_thread_blocked, id=59192, stack(0x0000009f6d200000,0x0000009f6d300000) (1024K)]
  0x00000275788d6ae0 JavaThread "Unconstrained build operations Thread 86"        [_thread_blocked, id=46136, stack(0x0000009f6d300000,0x0000009f6d400000) (1024K)]
  0x00000275788d5730 JavaThread "Unconstrained build operations Thread 87"        [_thread_blocked, id=74380, stack(0x0000009f6d400000,0x0000009f6d500000) (1024K)]
  0x00000275788d4380 JavaThread "Unconstrained build operations Thread 88"        [_thread_blocked, id=46152, stack(0x0000009f6d500000,0x0000009f6d600000) (1024K)]
  0x00000275788d6450 JavaThread "Unconstrained build operations Thread 89"        [_thread_blocked, id=18680, stack(0x0000009f6d600000,0x0000009f6d700000) (1024K)]
  0x00000275788d7e90 JavaThread "Unconstrained build operations Thread 90"        [_thread_blocked, id=14320, stack(0x0000009f6d700000,0x0000009f6d800000) (1024K)]
  0x00000275788d8520 JavaThread "Unconstrained build operations Thread 91"        [_thread_blocked, id=13536, stack(0x0000009f6d800000,0x0000009f6d900000) (1024K)]
  0x00000275788d8bb0 JavaThread "Unconstrained build operations Thread 92"        [_thread_blocked, id=77104, stack(0x0000009f6d900000,0x0000009f6da00000) (1024K)]
  0x00000275454c9870 JavaThread "Unconstrained build operations Thread 93"        [_thread_blocked, id=40324, stack(0x0000009f6dc00000,0x0000009f6dd00000) (1024K)]
  0x00000275454c56d0 JavaThread "Unconstrained build operations Thread 94"        [_thread_blocked, id=13584, stack(0x0000009f6dd00000,0x0000009f6de00000) (1024K)]
  0x00000275454ca590 JavaThread "Unconstrained build operations Thread 95"        [_thread_blocked, id=46016, stack(0x0000009f6de00000,0x0000009f6df00000) (1024K)]
  0x00000275454cac20 JavaThread "Unconstrained build operations Thread 96"        [_thread_blocked, id=16900, stack(0x0000009f6df00000,0x0000009f6e000000) (1024K)]
  0x00000275454c5040 JavaThread "Unconstrained build operations Thread 97"        [_thread_blocked, id=41188, stack(0x0000009f6e000000,0x0000009f6e100000) (1024K)]
  0x00000275454c63f0 JavaThread "Unconstrained build operations Thread 98"        [_thread_blocked, id=51960, stack(0x0000009f6e100000,0x0000009f6e200000) (1024K)]
  0x00000275454c91e0 JavaThread "Unconstrained build operations Thread 99"        [_thread_blocked, id=56208, stack(0x0000009f6e200000,0x0000009f6e300000) (1024K)]
  0x00000275454cc660 JavaThread "Unconstrained build operations Thread 100"        [_thread_blocked, id=44308, stack(0x0000009f6e300000,0x0000009f6e400000) (1024K)]
  0x00000275454cccf0 JavaThread "Unconstrained build operations Thread 101"        [_thread_blocked, id=82200, stack(0x0000009f6e400000,0x0000009f6e500000) (1024K)]
  0x00000275454cd380 JavaThread "Unconstrained build operations Thread 102"        [_thread_blocked, id=5512, stack(0x0000009f6e500000,0x0000009f6e600000) (1024K)]
  0x00000275454ce730 JavaThread "Unconstrained build operations Thread 103"        [_thread_blocked, id=7896, stack(0x0000009f6e600000,0x0000009f6e700000) (1024K)]
  0x00000275454cda10 JavaThread "Unconstrained build operations Thread 104"        [_thread_blocked, id=47976, stack(0x0000009f6e700000,0x0000009f6e800000) (1024K)]
  0x00000275454ce0a0 JavaThread "Unconstrained build operations Thread 105"        [_thread_blocked, id=26544, stack(0x0000009f6e800000,0x0000009f6e900000) (1024K)]
  0x00000275454c77a0 JavaThread "Unconstrained build operations Thread 106"        [_thread_blocked, id=61900, stack(0x0000009f6e900000,0x0000009f6ea00000) (1024K)]
  0x00000275454c7e30 JavaThread "Unconstrained build operations Thread 107"        [_thread_blocked, id=23244, stack(0x0000009f6ea00000,0x0000009f6eb00000) (1024K)]
  0x00000275454cedc0 JavaThread "Unconstrained build operations Thread 108"        [_thread_blocked, id=55300, stack(0x0000009f6eb00000,0x0000009f6ec00000) (1024K)]
  0x00000275454d2240 JavaThread "Unconstrained build operations Thread 109"        [_thread_blocked, id=35052, stack(0x0000009f6ec00000,0x0000009f6ed00000) (1024K)]
  0x00000275454d4310 JavaThread "Unconstrained build operations Thread 110"        [_thread_blocked, id=37096, stack(0x0000009f6ed00000,0x0000009f6ee00000) (1024K)]
  0x00000275454cf450 JavaThread "Unconstrained build operations Thread 111"        [_thread_blocked, id=53796, stack(0x0000009f6ee00000,0x0000009f6ef00000) (1024K)]
  0x00000275454cfae0 JavaThread "Unconstrained build operations Thread 112"        [_thread_blocked, id=5020, stack(0x0000009f6ef00000,0x0000009f6f000000) (1024K)]
  0x00000275454d0170 JavaThread "Unconstrained build operations Thread 113"        [_thread_blocked, id=25784, stack(0x0000009f6f000000,0x0000009f6f100000) (1024K)]
  0x00000275454d0800 JavaThread "Unconstrained build operations Thread 114"        [_thread_blocked, id=78748, stack(0x0000009f6f100000,0x0000009f6f200000) (1024K)]
  0x00000275454d2f60 JavaThread "Unconstrained build operations Thread 115"        [_thread_blocked, id=74652, stack(0x0000009f6f200000,0x0000009f6f300000) (1024K)]
  0x00000275454c6a80 JavaThread "Unconstrained build operations Thread 116"        [_thread_blocked, id=18420, stack(0x0000009f6f300000,0x0000009f6f400000) (1024K)]
  0x00000275454c9f00 JavaThread "Unconstrained build operations Thread 117"        [_thread_blocked, id=52936, stack(0x0000009f6f400000,0x0000009f6f500000) (1024K)]
  0x00000275454cb2b0 JavaThread "Unconstrained build operations Thread 118"        [_thread_blocked, id=43144, stack(0x0000009f6f500000,0x0000009f6f600000) (1024K)]
  0x00000275454c7110 JavaThread "Unconstrained build operations Thread 119"        [_thread_blocked, id=80584, stack(0x0000009f6f600000,0x0000009f6f700000) (1024K)]
  0x00000275454c84c0 JavaThread "Unconstrained build operations Thread 120"        [_thread_blocked, id=16492, stack(0x0000009f6f700000,0x0000009f6f800000) (1024K)]
  0x00000275454c8b50 JavaThread "Unconstrained build operations Thread 121"        [_thread_blocked, id=67240, stack(0x0000009f6f800000,0x0000009f6f900000) (1024K)]
  0x00000275454d0e90 JavaThread "Unconstrained build operations Thread 122"        [_thread_blocked, id=79128, stack(0x0000009f6f900000,0x0000009f6fa00000) (1024K)]
  0x00000275454cb940 JavaThread "Unconstrained build operations Thread 123"        [_thread_blocked, id=36876, stack(0x0000009f6fa00000,0x0000009f6fb00000) (1024K)]
  0x00000275454d1bb0 JavaThread "Unconstrained build operations Thread 124"        [_thread_blocked, id=54268, stack(0x0000009f6fb00000,0x0000009f6fc00000) (1024K)]
  0x00000275454d1520 JavaThread "Unconstrained build operations Thread 125"        [_thread_blocked, id=50240, stack(0x0000009f6fc00000,0x0000009f6fd00000) (1024K)]
  0x00000275454cbfd0 JavaThread "Unconstrained build operations Thread 126"        [_thread_blocked, id=46404, stack(0x0000009f6fd00000,0x0000009f6fe00000) (1024K)]
  0x00000275454d28d0 JavaThread "Unconstrained build operations Thread 127"        [_thread_blocked, id=41788, stack(0x0000009f6fe00000,0x0000009f6ff00000) (1024K)]
  0x00000275454d35f0 JavaThread "Unconstrained build operations Thread 128"        [_thread_blocked, id=75152, stack(0x0000009f6ff00000,0x0000009f70000000) (1024K)]
  0x00000275454d3c80 JavaThread "Unconstrained build operations Thread 129"        [_thread_blocked, id=47092, stack(0x0000009f70000000,0x0000009f70100000) (1024K)]
  0x00000275788d4a10 JavaThread "Unconstrained build operations Thread 130"        [_thread_blocked, id=76064, stack(0x0000009f70100000,0x0000009f70200000) (1024K)]
  0x00000275788d9f60 JavaThread "Unconstrained build operations Thread 131"        [_thread_blocked, id=60140, stack(0x0000009f70200000,0x0000009f70300000) (1024K)]
  0x00000275788dac80 JavaThread "Unconstrained build operations Thread 132"        [_thread_blocked, id=46320, stack(0x0000009f70300000,0x0000009f70400000) (1024K)]
  0x00000275788d50a0 JavaThread "Unconstrained build operations Thread 133"        [_thread_blocked, id=14708, stack(0x0000009f70400000,0x0000009f70500000) (1024K)]
  0x000002757c62e3d0 JavaThread "Unconstrained build operations Thread 134"        [_thread_blocked, id=35812, stack(0x0000009f70500000,0x0000009f70600000) (1024K)]
  0x000002757d1bf670 JavaThread "Unconstrained build operations Thread 135"        [_thread_blocked, id=48236, stack(0x0000009f70600000,0x0000009f70700000) (1024K)]
  0x000002757d1c0a20 JavaThread "Unconstrained build operations Thread 136"        [_thread_blocked, id=49852, stack(0x0000009f70700000,0x0000009f70800000) (1024K)]
  0x000002757d1c3ea0 JavaThread "Unconstrained build operations Thread 137"        [_thread_blocked, id=55452, stack(0x0000009f70800000,0x0000009f70900000) (1024K)]
  0x000002757d1c1dd0 JavaThread "Unconstrained build operations Thread 138"        [_thread_blocked, id=43960, stack(0x0000009f70900000,0x0000009f70a00000) (1024K)]
  0x000002757d1c3810 JavaThread "Unconstrained build operations Thread 139"        [_thread_blocked, id=36364, stack(0x0000009f70a00000,0x0000009f70b00000) (1024K)]
  0x000002757d1c4530 JavaThread "Unconstrained build operations Thread 140"        [_thread_blocked, id=50968, stack(0x0000009f70b00000,0x0000009f70c00000) (1024K)]
  0x000002757d1bdc30 JavaThread "Unconstrained build operations Thread 141"        [_thread_blocked, id=42704, stack(0x0000009f70c00000,0x0000009f70d00000) (1024K)]
  0x000002757d1c2460 JavaThread "Unconstrained build operations Thread 142"        [_thread_blocked, id=20284, stack(0x0000009f70d00000,0x0000009f70e00000) (1024K)]
  0x000002757d1c4bc0 JavaThread "Unconstrained build operations Thread 143"        [_thread_blocked, id=59584, stack(0x0000009f70e00000,0x0000009f70f00000) (1024K)]
  0x000002757d1c3180 JavaThread "Unconstrained build operations Thread 144"        [_thread_blocked, id=55996, stack(0x0000009f70f00000,0x0000009f71000000) (1024K)]
  0x000002757d1c2af0 JavaThread "Unconstrained build operations Thread 145"        [_thread_blocked, id=71416, stack(0x0000009f71000000,0x0000009f71100000) (1024K)]
  0x000002757d1c1740 JavaThread "Unconstrained build operations Thread 146"        [_thread_blocked, id=15144, stack(0x0000009f71100000,0x0000009f71200000) (1024K)]
  0x000002757d1c5250 JavaThread "Unconstrained build operations Thread 147"        [_thread_blocked, id=51964, stack(0x0000009f71200000,0x0000009f71300000) (1024K)]
  0x000002757d1be2c0 JavaThread "Unconstrained build operations Thread 148"        [_thread_blocked, id=64032, stack(0x0000009f71300000,0x0000009f71400000) (1024K)]
  0x000002757d1c58e0 JavaThread "Unconstrained build operations Thread 149"        [_thread_blocked, id=34936, stack(0x0000009f71400000,0x0000009f71500000) (1024K)]
  0x000002757d1be950 JavaThread "Unconstrained build operations Thread 150"        [_thread_blocked, id=41592, stack(0x0000009f71500000,0x0000009f71600000) (1024K)]
  0x000002757d1c5f70 JavaThread "Unconstrained build operations Thread 151"        [_thread_blocked, id=82576, stack(0x0000009f71600000,0x0000009f71700000) (1024K)]
  0x000002757d1c10b0 JavaThread "Unconstrained build operations Thread 152"        [_thread_blocked, id=41792, stack(0x0000009f71700000,0x0000009f71800000) (1024K)]
  0x000002757d1befe0 JavaThread "Unconstrained build operations Thread 153"        [_thread_blocked, id=14572, stack(0x0000009f71800000,0x0000009f71900000) (1024K)]
  0x000002757d1c0390 JavaThread "Unconstrained build operations Thread 154"        [_thread_blocked, id=49536, stack(0x0000009f71900000,0x0000009f71a00000) (1024K)]
  0x000002757d1bfd00 JavaThread "Unconstrained build operations Thread 155"        [_thread_blocked, id=7644, stack(0x0000009f71a00000,0x0000009f71b00000) (1024K)]
  0x000002757d1c6600 JavaThread "Unconstrained build operations Thread 156"        [_thread_blocked, id=12940, stack(0x0000009f71b00000,0x0000009f71c00000) (1024K)]
  0x000002757d1ca7a0 JavaThread "Unconstrained build operations Thread 157"        [_thread_blocked, id=59936, stack(0x0000009f71c00000,0x0000009f71d00000) (1024K)]
  0x000002757d1c93f0 JavaThread "Unconstrained build operations Thread 158"        [_thread_blocked, id=57588, stack(0x0000009f71d00000,0x0000009f71e00000) (1024K)]
  0x000002757d1c6c90 JavaThread "Unconstrained build operations Thread 159"        [_thread_blocked, id=64572, stack(0x0000009f72000000,0x0000009f72100000) (1024K)]
  0x000002757d1cc1e0 JavaThread "Unconstrained build operations Thread 160"        [_thread_blocked, id=38124, stack(0x0000009f72100000,0x0000009f72200000) (1024K)]
  0x000002757d1c7320 JavaThread "Unconstrained build operations Thread 161"        [_thread_blocked, id=75900, stack(0x0000009f72200000,0x0000009f72300000) (1024K)]
  0x000002757d1c79b0 JavaThread "Unconstrained build operations Thread 162"        [_thread_blocked, id=59872, stack(0x0000009f72300000,0x0000009f72400000) (1024K)]
  0x000002757d1ca110 JavaThread "Unconstrained build operations Thread 163"        [_thread_blocked, id=52844, stack(0x0000009f72400000,0x0000009f72500000) (1024K)]
  0x000002757d1cbb50 JavaThread "Unconstrained build operations Thread 164"        [_thread_blocked, id=49324, stack(0x0000009f72500000,0x0000009f72600000) (1024K)]
  0x000002757d1cc870 JavaThread "Unconstrained build operations Thread 165"        [_thread_blocked, id=53244, stack(0x0000009f72600000,0x0000009f72700000) (1024K)]
  0x000002757d1cb4c0 JavaThread "Unconstrained build operations Thread 166"        [_thread_blocked, id=32932, stack(0x0000009f72700000,0x0000009f72800000) (1024K)]
  0x000002757d1ccf00 JavaThread "Unconstrained build operations Thread 167"        [_thread_blocked, id=82520, stack(0x0000009f72800000,0x0000009f72900000) (1024K)]
  0x000002757d1c8040 JavaThread "Unconstrained build operations Thread 168"        [_thread_blocked, id=79712, stack(0x0000009f72900000,0x0000009f72a00000) (1024K)]
  0x000002757d1c86d0 JavaThread "Unconstrained build operations Thread 169"        [_thread_blocked, id=26920, stack(0x0000009f72a00000,0x0000009f72b00000) (1024K)]
  0x000002757d1c8d60 JavaThread "Unconstrained build operations Thread 170"        [_thread_blocked, id=44388, stack(0x0000009f72b00000,0x0000009f72c00000) (1024K)]
  0x000002757d1c9a80 JavaThread "Unconstrained build operations Thread 171"        [_thread_blocked, id=59812, stack(0x0000009f72c00000,0x0000009f72d00000) (1024K)]
  0x000002757d1cae30 JavaThread "Unconstrained build operations Thread 172"        [_thread_blocked, id=51440, stack(0x0000009f72d00000,0x0000009f72e00000) (1024K)]
  0x000002757dad7ec0 JavaThread "Unconstrained build operations Thread 173"        [_thread_blocked, id=81076, stack(0x0000009f72e00000,0x0000009f72f00000) (1024K)]
  0x000002757dadb340 JavaThread "Unconstrained build operations Thread 174"        [_thread_blocked, id=37828, stack(0x0000009f72f00000,0x0000009f73000000) (1024K)]
  0x000002757dad7830 JavaThread "Unconstrained build operations Thread 175"        [_thread_blocked, id=43620, stack(0x0000009f73000000,0x0000009f73100000) (1024K)]
  0x000002757dad9900 JavaThread "Unconstrained build operations Thread 176"        [_thread_blocked, id=80760, stack(0x0000009f73100000,0x0000009f73200000) (1024K)]
  0x000002757dadb9d0 JavaThread "Unconstrained build operations Thread 177"        [_thread_blocked, id=64616, stack(0x0000009f73200000,0x0000009f73300000) (1024K)]
  0x000002757dadd410 JavaThread "Unconstrained build operations Thread 178"        [_thread_blocked, id=69596, stack(0x0000009f73300000,0x0000009f73400000) (1024K)]
  0x000002757dad6480 JavaThread "Unconstrained build operations Thread 179"        [_thread_blocked, id=53252, stack(0x0000009f73400000,0x0000009f73500000) (1024K)]
  0x000002757dadc6f0 JavaThread "Unconstrained build operations Thread 180"        [_thread_blocked, id=56652, stack(0x0000009f73500000,0x0000009f73600000) (1024K)]
  0x000002757dad71a0 JavaThread "Unconstrained build operations Thread 181"        [_thread_blocked, id=33680, stack(0x0000009f73600000,0x0000009f73700000) (1024K)]
  0x000002757dad8be0 JavaThread "Unconstrained build operations Thread 182"        [_thread_blocked, id=68980, stack(0x0000009f73700000,0x0000009f73800000) (1024K)]
  0x000002757dadcd80 JavaThread "Unconstrained build operations Thread 183"        [_thread_blocked, id=52184, stack(0x0000009f73800000,0x0000009f73900000) (1024K)]
  0x000002757dad9f90 JavaThread "Unconstrained build operations Thread 184"        [_thread_blocked, id=16576, stack(0x0000009f73900000,0x0000009f73a00000) (1024K)]
  0x000002757dad8550 JavaThread "Unconstrained build operations Thread 185"        [_thread_blocked, id=68144, stack(0x0000009f73a00000,0x0000009f73b00000) (1024K)]
  0x000002757dad9270 JavaThread "Unconstrained build operations Thread 186"        [_thread_blocked, id=69592, stack(0x0000009f73b00000,0x0000009f73c00000) (1024K)]
  0x000002757dadc060 JavaThread "Unconstrained build operations Thread 187"        [_thread_blocked, id=34232, stack(0x0000009f73c00000,0x0000009f73d00000) (1024K)]
  0x000002757dada620 JavaThread "Unconstrained build operations Thread 188"        [_thread_blocked, id=81140, stack(0x0000009f73d00000,0x0000009f73e00000) (1024K)]
  0x000002757dadacb0 JavaThread "Unconstrained build operations Thread 189"        [_thread_blocked, id=66408, stack(0x0000009f73e00000,0x0000009f73f00000) (1024K)]
  0x000002757daddaa0 JavaThread "Unconstrained build operations Thread 190"        [_thread_blocked, id=59856, stack(0x0000009f73f00000,0x0000009f74000000) (1024K)]
  0x000002757dad6b10 JavaThread "Unconstrained build operations Thread 191"        [_thread_blocked, id=14288, stack(0x0000009f74000000,0x0000009f74100000) (1024K)]
  0x000002757dadee50 JavaThread "Unconstrained build operations Thread 192"        [_thread_blocked, id=39248, stack(0x0000009f74100000,0x0000009f74200000) (1024K)]
  0x000002757dade7c0 JavaThread "Unconstrained build operations Thread 193"        [_thread_blocked, id=69880, stack(0x0000009f74200000,0x0000009f74300000) (1024K)]
  0x000002757dae3d10 JavaThread "Unconstrained build operations Thread 194"        [_thread_blocked, id=46084, stack(0x0000009f74300000,0x0000009f74400000) (1024K)]
  0x000002757dadf4e0 JavaThread "Unconstrained build operations Thread 195"        [_thread_blocked, id=82936, stack(0x0000009f74400000,0x0000009f74500000) (1024K)]
  0x000002757dae2960 JavaThread "Unconstrained build operations Thread 196"        [_thread_blocked, id=1760, stack(0x0000009f74500000,0x0000009f74600000) (1024K)]
  0x000002757dae3680 JavaThread "Unconstrained build operations Thread 197"        [_thread_blocked, id=56556, stack(0x0000009f74600000,0x0000009f74700000) (1024K)]
  0x000002757dae0f20 JavaThread "Unconstrained build operations Thread 198"        [_thread_blocked, id=1824, stack(0x0000009f74700000,0x0000009f74800000) (1024K)]
  0x000002757dae15b0 JavaThread "Unconstrained build operations Thread 199"        [_thread_blocked, id=21364, stack(0x0000009f74800000,0x0000009f74900000) (1024K)]
  0x000002757dae50c0 JavaThread "Unconstrained build operations Thread 200"        [_thread_blocked, id=4860, stack(0x0000009f74900000,0x0000009f74a00000) (1024K)]
  0x000002757dae1c40 JavaThread "Unconstrained build operations Thread 201"        [_thread_blocked, id=856, stack(0x0000009f74a00000,0x0000009f74b00000) (1024K)]
  0x000002757dae22d0 JavaThread "Unconstrained build operations Thread 202"        [_thread_blocked, id=7688, stack(0x0000009f74b00000,0x0000009f74c00000) (1024K)]
  0x000002757dae2ff0 JavaThread "Unconstrained build operations Thread 203"        [_thread_blocked, id=60252, stack(0x0000009f74c00000,0x0000009f74d00000) (1024K)]
  0x000002757dade130 JavaThread "Unconstrained build operations Thread 204"        [_thread_blocked, id=64216, stack(0x0000009f74d00000,0x0000009f74e00000) (1024K)]
  0x000002757dae43a0 JavaThread "Unconstrained build operations Thread 205"        [_thread_blocked, id=81924, stack(0x0000009f74e00000,0x0000009f74f00000) (1024K)]
  0x000002757dae0200 JavaThread "Unconstrained build operations Thread 206"        [_thread_blocked, id=31464, stack(0x0000009f74f00000,0x0000009f75000000) (1024K)]
  0x000002757dae5750 JavaThread "Unconstrained build operations Thread 207"        [_thread_blocked, id=74268, stack(0x0000009f75000000,0x0000009f75100000) (1024K)]
  0x000002757dae4a30 JavaThread "Unconstrained build operations Thread 208"        [_thread_blocked, id=39812, stack(0x0000009f75100000,0x0000009f75200000) (1024K)]
  0x000002757dadfb70 JavaThread "Unconstrained build operations Thread 209"        [_thread_blocked, id=65844, stack(0x0000009f75200000,0x0000009f75300000) (1024K)]
  0x000002757dae0890 JavaThread "Unconstrained build operations Thread 210"        [_thread_blocked, id=21288, stack(0x0000009f75400000,0x0000009f75500000) (1024K)]
  0x0000027545b01ba0 JavaThread "Unconstrained build operations Thread 211"        [_thread_blocked, id=68152, stack(0x0000009f75500000,0x0000009f75600000) (1024K)]
  0x0000027545b07780 JavaThread "Unconstrained build operations Thread 212"        [_thread_blocked, id=63356, stack(0x0000009f75600000,0x0000009f75700000) (1024K)]
  0x0000027545b028c0 JavaThread "Unconstrained build operations Thread 213"        [_thread_blocked, id=45588, stack(0x0000009f75700000,0x0000009f75800000) (1024K)]
  0x0000027545b063d0 JavaThread "Unconstrained build operations Thread 214"        [_thread_blocked, id=62532, stack(0x0000009f75800000,0x0000009f75900000) (1024K)]
  0x0000027545b07e10 JavaThread "Unconstrained build operations Thread 215"        [_thread_blocked, id=75224, stack(0x0000009f75900000,0x0000009f75a00000) (1024K)]
  0x0000027545b05d40 JavaThread "Unconstrained build operations Thread 216"        [_thread_blocked, id=29500, stack(0x0000009f75a00000,0x0000009f75b00000) (1024K)]
  0x0000027545b084a0 JavaThread "Unconstrained build operations Thread 217"        [_thread_blocked, id=24528, stack(0x0000009f75b00000,0x0000009f75c00000) (1024K)]
  0x0000027545b056b0 JavaThread "Unconstrained build operations Thread 218"        [_thread_blocked, id=27928, stack(0x0000009f75c00000,0x0000009f75d00000) (1024K)]
  0x0000027545b02f50 JavaThread "Unconstrained build operations Thread 219"        [_thread_blocked, id=25000, stack(0x0000009f75d00000,0x0000009f75e00000) (1024K)]
  0x0000027545b05020 JavaThread "Unconstrained build operations Thread 220"        [_thread_blocked, id=71976, stack(0x0000009f75e00000,0x0000009f75f00000) (1024K)]
  0x0000027545b06a60 JavaThread "Unconstrained build operations Thread 221"        [_thread_blocked, id=74776, stack(0x0000009f75f00000,0x0000009f76000000) (1024K)]
  0x0000027545b08b30 JavaThread "Unconstrained build operations Thread 222"        [_thread_blocked, id=54532, stack(0x0000009f76000000,0x0000009f76100000) (1024K)]
  0x0000027545b02230 JavaThread "Unconstrained build operations Thread 223"        [_thread_blocked, id=11144, stack(0x0000009f76100000,0x0000009f76200000) (1024K)]
  0x0000027545b091c0 JavaThread "Unconstrained build operations Thread 224"        [_thread_blocked, id=76712, stack(0x0000009f76200000,0x0000009f76300000) (1024K)]
  0x0000027545b04990 JavaThread "Unconstrained build operations Thread 225"        [_thread_blocked, id=48916, stack(0x0000009f76300000,0x0000009f76400000) (1024K)]
  0x0000027545b04300 JavaThread "Unconstrained build operations Thread 226"        [_thread_blocked, id=38384, stack(0x0000009f76400000,0x0000009f76500000) (1024K)]
  0x0000027545b09850 JavaThread "Unconstrained build operations Thread 227"        [_thread_blocked, id=78852, stack(0x0000009f76500000,0x0000009f76600000) (1024K)]
  0x0000027545b09ee0 JavaThread "Unconstrained build operations Thread 228"        [_thread_blocked, id=41512, stack(0x0000009f76600000,0x0000009f76700000) (1024K)]
  0x0000027545b070f0 JavaThread "Unconstrained build operations Thread 229"        [_thread_blocked, id=66936, stack(0x0000009f76700000,0x0000009f76800000) (1024K)]
  0x0000027545b0a570 JavaThread "Unconstrained build operations Thread 230"        [_thread_blocked, id=65580, stack(0x0000009f76800000,0x0000009f76900000) (1024K)]
  0x0000027545b03c70 JavaThread "Unconstrained build operations Thread 231"        [_thread_blocked, id=72256, stack(0x0000009f76900000,0x0000009f76a00000) (1024K)]
  0x0000027545b035e0 JavaThread "Unconstrained build operations Thread 232"        [_thread_blocked, id=17532, stack(0x0000009f76a00000,0x0000009f76b00000) (1024K)]
  0x0000027545b0f430 JavaThread "Unconstrained build operations Thread 233"        [_thread_blocked, id=34404, stack(0x0000009f6da00000,0x0000009f6db00000) (1024K)]
  0x0000027545b0bfb0 JavaThread "Unconstrained build operations Thread 234"        [_thread_blocked, id=52344, stack(0x0000009f6db00000,0x0000009f6dc00000) (1024K)]
  0x0000027545b0b290 JavaThread "Unconstrained build operations Thread 235"        [_thread_blocked, id=3364, stack(0x0000009f75300000,0x0000009f75400000) (1024K)]
  0x0000027545b0ac00 JavaThread "Unconstrained build operations Thread 236"        [_thread_blocked, id=42172, stack(0x0000009f76b00000,0x0000009f76c00000) (1024K)]
  0x0000027545b0e710 JavaThread "Unconstrained build operations Thread 237"        [_thread_blocked, id=30256, stack(0x0000009f76c00000,0x0000009f76d00000) (1024K)]
  0x0000027545b0fac0 JavaThread "Unconstrained build operations Thread 238"        [_thread_blocked, id=78916, stack(0x0000009f76d00000,0x0000009f76e00000) (1024K)]
  0x0000027545b0b920 JavaThread "Unconstrained build operations Thread 239"        [_thread_blocked, id=79896, stack(0x0000009f76e00000,0x0000009f76f00000) (1024K)]
  0x0000027545b0e080 JavaThread "Unconstrained build operations Thread 240"        [_thread_blocked, id=43552, stack(0x0000009f76f00000,0x0000009f77000000) (1024K)]
  0x0000027545b0d9f0 JavaThread "WorkerExecutor Queue"              [_thread_in_vm, id=40448, stack(0x0000009f69100000,0x0000009f69200000) (1024K)]
  0x0000027545b10e70 JavaThread "RMI Scheduler(0)"           daemon [_thread_blocked, id=42884, stack(0x0000009f63200000,0x0000009f63300000) (1024K)]
  0x00000275788da5f0 JavaThread "RMI GC Daemon"              daemon [_thread_blocked, id=27128, stack(0x0000009f6a900000,0x0000009f6aa00000) (1024K)]
  0x000002757be28230 JavaThread "RMI TCP Accept-0"           daemon [_thread_in_native, id=37664, stack(0x0000009f77000000,0x0000009f77100000) (1024K)]
  0x000002757be22ce0 JavaThread "RMI Reaper"                        [_thread_blocked, id=27712, stack(0x0000009f77100000,0x0000009f77200000) (1024K)]
  0x000002757be24db0 JavaThread "RMI TCP Connection(2)-127.0.0.1" daemon [_thread_in_native, id=13840, stack(0x0000009f77400000,0x0000009f77500000) (1024K)]
  0x000002757acb87d0 JavaThread "C1 CompilerThread1"         daemon [_thread_blocked, id=68012, stack(0x0000009f62000000,0x0000009f62100000) (1024K)]
  0x000002757acb6c90 JavaThread "C1 CompilerThread2"         daemon [_thread_blocked, id=5732, stack(0x0000009f77300000,0x0000009f77400000) (1024K)]
  0x000002757be2ca60 JavaThread "Cache worker for Java compile cache (C:\Users\pars\.gradle\caches\8.11.1\javaCompile)"        [_thread_blocked, id=15900, stack(0x0000009f77500000,0x0000009f77600000) (1024K)]
  0x000002757be30c00 JavaThread "Build operations"                  [_thread_blocked, id=54160, stack(0x0000009f77600000,0x0000009f77700000) (1024K)]
  0x000002757be31fb0 JavaThread "Build operations Thread 2"         [_thread_blocked, id=27192, stack(0x0000009f77700000,0x0000009f77800000) (1024K)]
  0x000002757be2fee0 JavaThread "Build operations Thread 3"         [_thread_blocked, id=32928, stack(0x0000009f77800000,0x0000009f77900000) (1024K)]
  0x000002757be2de10 JavaThread "Build operations Thread 4"         [_thread_blocked, id=65272, stack(0x0000009f77900000,0x0000009f77a00000) (1024K)]
  0x000002757be2f850 JavaThread "Build operations Thread 5"         [_thread_blocked, id=61180, stack(0x0000009f77a00000,0x0000009f77b00000) (1024K)]
  0x000002757be2b020 JavaThread "Build operations Thread 6"         [_thread_blocked, id=14508, stack(0x0000009f77b00000,0x0000009f77c00000) (1024K)]
  0x000002757be31290 JavaThread "Build operations Thread 7"         [_thread_blocked, id=79300, stack(0x0000009f77c00000,0x0000009f77d00000) (1024K)]
  0x000002757be2eb30 JavaThread "Build operations Thread 8"         [_thread_blocked, id=59572, stack(0x0000009f77d00000,0x0000009f77e00000) (1024K)]
  0x000002757be2bd40 JavaThread "Build operations Thread 9"         [_thread_blocked, id=39072, stack(0x0000009f77e00000,0x0000009f77f00000) (1024K)]
  0x000002757be2b6b0 JavaThread "Build operations Thread 10"        [_thread_blocked, id=43968, stack(0x0000009f77f00000,0x0000009f78000000) (1024K)]
  0x000002757be2d780 JavaThread "Build operations Thread 11"        [_thread_blocked, id=48640, stack(0x0000009f78000000,0x0000009f78100000) (1024K)]
  0x000002757be2e4a0 JavaThread "Build operations Thread 12"        [_thread_blocked, id=78696, stack(0x0000009f78100000,0x0000009f78200000) (1024K)]
  0x0000027578414ce0 JavaThread "Build operations Thread 13"        [_thread_blocked, id=44516, stack(0x0000009f78200000,0x0000009f78300000) (1024K)]
  0x0000027578414650 JavaThread "Build operations Thread 14"        [_thread_blocked, id=76932, stack(0x0000009f78300000,0x0000009f78400000) (1024K)]
  0x00000275784111d0 JavaThread "Build operations Thread 15"        [_thread_blocked, id=66148, stack(0x0000009f78400000,0x0000009f78500000) (1024K)]
  0x0000027578411860 JavaThread "Build operations Thread 16"        [_thread_blocked, id=30724, stack(0x0000009f78500000,0x0000009f78600000) (1024K)]
  0x0000027578411ef0 JavaThread "Build operations Thread 17"        [_thread_blocked, id=51556, stack(0x0000009f78600000,0x0000009f78700000) (1024K)]
  0x0000027578412580 JavaThread "Build operations Thread 18"        [_thread_blocked, id=56120, stack(0x0000009f78700000,0x0000009f78800000) (1024K)]
  0x000002757840fe20 JavaThread "Build operations Thread 19"        [_thread_blocked, id=19856, stack(0x0000009f78800000,0x0000009f78900000) (1024K)]
  0x0000027578412c10 JavaThread "Build operations Thread 20"        [_thread_blocked, id=63508, stack(0x0000009f78900000,0x0000009f78a00000) (1024K)]
  0x00000275784132a0 JavaThread "Build operations Thread 21"        [_thread_blocked, id=27516, stack(0x0000009f78a00000,0x0000009f78b00000) (1024K)]
  0x00000275784104b0 JavaThread "Build operations Thread 22"        [_thread_blocked, id=68484, stack(0x0000009f78b00000,0x0000009f78c00000) (1024K)]
  0x0000027578410b40 JavaThread "Build operations Thread 23"        [_thread_blocked, id=40228, stack(0x0000009f78c00000,0x0000009f78d00000) (1024K)]
  0x00000275786dab50 JavaThread "C1 CompilerThread3"         daemon [_thread_blocked, id=27948, stack(0x0000009f78e00000,0x0000009f78f00000) (1024K)]
  0x00000275783f60b0 JavaThread "WorkerExecutor Queue Thread 2"        [_thread_blocked, id=31204, stack(0x0000009f79100000,0x0000009f79200000) (1024K)]
  0x0000027578408170 JavaThread "WorkerExecutor Queue Thread 3"        [_thread_blocked, id=75612, stack(0x0000009f6a800000,0x0000009f6a900000) (1024K)]
  0x0000027578406730 JavaThread "WorkerExecutor Queue Thread 4"        [_thread_blocked, id=30100, stack(0x0000009f79200000,0x0000009f79300000) (1024K)]
  0x0000027578406dc0 JavaThread "WorkerExecutor Queue Thread 5"        [_thread_blocked, id=2384, stack(0x0000009f79300000,0x0000009f79400000) (1024K)]
  0x0000027578409520 JavaThread "WorkerExecutor Queue Thread 6"        [_thread_blocked, id=67140, stack(0x0000009f79400000,0x0000009f79500000) (1024K)]
  0x0000027578407450 JavaThread "WorkerExecutor Queue Thread 7"        [_thread_blocked, id=57456, stack(0x0000009f79500000,0x0000009f79600000) (1024K)]
  0x0000027578407ae0 JavaThread "WorkerExecutor Queue Thread 8"        [_thread_blocked, id=62712, stack(0x0000009f79600000,0x0000009f79700000) (1024K)]
  0x0000027578409bb0 JavaThread "WorkerExecutor Queue Thread 9"        [_thread_blocked, id=80728, stack(0x0000009f79700000,0x0000009f79800000) (1024K)]
  0x0000027578402c20 JavaThread "WorkerExecutor Queue Thread 10"        [_thread_blocked, id=43684, stack(0x0000009f79800000,0x0000009f79900000) (1024K)]
  0x000002757840a240 JavaThread "WorkerExecutor Queue Thread 11"        [_thread_blocked, id=41636, stack(0x0000009f79900000,0x0000009f79a00000) (1024K)]
  0x00000275784032b0 JavaThread "WorkerExecutor Queue Thread 12"        [_thread_blocked, id=56424, stack(0x0000009f79a00000,0x0000009f79b00000) (1024K)]
  0x000002757840d030 JavaThread "WorkerExecutor Queue Thread 13"        [_thread_blocked, id=34740, stack(0x0000009f79b00000,0x0000009f79c00000) (1024K)]
  0x000002757840c310 JavaThread "WorkerExecutor Queue Thread 14"        [_thread_blocked, id=26628, stack(0x0000009f79c00000,0x0000009f79d00000) (1024K)]
  0x000002757840c9a0 JavaThread "WorkerExecutor Queue Thread 15"        [_thread_blocked, id=80348, stack(0x0000009f79d00000,0x0000009f79e00000) (1024K)]
  0x000002757840ea70 JavaThread "WorkerExecutor Queue Thread 16"        [_thread_blocked, id=55116, stack(0x0000009f79e00000,0x0000009f79f00000) (1024K)]
  0x000002757840af60 JavaThread "WorkerExecutor Queue Thread 17"        [_thread_blocked, id=76804, stack(0x0000009f79f00000,0x0000009f7a000000) (1024K)]
  0x000002757840e3e0 JavaThread "WorkerExecutor Queue Thread 18"        [_thread_blocked, id=39636, stack(0x0000009f7a000000,0x0000009f7a100000) (1024K)]
  0x000002757840b5f0 JavaThread "WorkerExecutor Queue Thread 19"        [_thread_blocked, id=35376, stack(0x0000009f7a100000,0x0000009f7a200000) (1024K)]
  0x000002757840d6c0 JavaThread "WorkerExecutor Queue Thread 21"        [_thread_blocked, id=1584, stack(0x0000009f7a300000,0x0000009f7a400000) (1024K)]
  0x000002757840f790 JavaThread "WorkerExecutor Queue Thread 22"        [_thread_blocked, id=33988, stack(0x0000009f7a400000,0x0000009f7a500000) (1024K)]
  0x000002757840a8d0 JavaThread "WorkerExecutor Queue Thread 23"        [_thread_blocked, id=16024, stack(0x0000009f7a500000,0x0000009f7a600000) (1024K)]
  0x000002757840bc80 JavaThread "WorkerExecutor Queue Thread 24"        [_thread_blocked, id=29176, stack(0x0000009f7a600000,0x0000009f7a700000) (1024K)]
  0x000002757840dd50 JavaThread "WorkerExecutor Queue Thread 25"        [_thread_in_Java, id=80068, stack(0x0000009f7a700000,0x0000009f7a800000) (1024K)]
  0x000002757c45ddf0 JavaThread "C2 CompilerThread1"         daemon [_thread_in_native, id=53792, stack(0x0000009f77200000,0x0000009f77300000) (1024K)]
  0x000002757c463680 JavaThread "C2 CompilerThread2"         daemon [_thread_in_native, id=16856, stack(0x0000009f78d00000,0x0000009f78e00000) (1024K)]
  0x000002757c45f260 JavaThread "C2 CompilerThread3"         daemon [_thread_in_native, id=17652, stack(0x0000009f78f00000,0x0000009f79000000) (1024K)]
  0x000002757c45c2b0 JavaThread "C2 CompilerThread4"         daemon [_thread_in_native, id=61160, stack(0x0000009f79000000,0x0000009f79100000) (1024K)]
  0x00000275783fa8e0 JavaThread "ForkJoinPool-1-worker-1"    daemon [_thread_blocked, id=32788, stack(0x0000009f7a800000,0x0000009f7a900000) (1024K)]
  0x00000275783f9530 JavaThread "ForkJoinPool-1-worker-2"    daemon [_thread_blocked, id=46536, stack(0x0000009f7a900000,0x0000009f7aa00000) (1024K)]
  0x00000275783f8180 JavaThread "ForkJoinPool-1-worker-3"    daemon [_thread_blocked, id=22164, stack(0x0000009f7aa00000,0x0000009f7ab00000) (1024K)]
  0x00000275783f9bc0 JavaThread "ForkJoinPool-1-worker-4"    daemon [_thread_blocked, id=48940, stack(0x0000009f7ab00000,0x0000009f7ac00000) (1024K)]
  0x00000275783fc320 JavaThread "ForkJoinPool-1-worker-5"    daemon [_thread_blocked, id=27040, stack(0x0000009f7ac00000,0x0000009f7ad00000) (1024K)]
  0x00000275783f5a20 JavaThread "ForkJoinPool-1-worker-6"    daemon [_thread_blocked, id=42028, stack(0x0000009f7ad00000,0x0000009f7ae00000) (1024K)]
  0x00000275783fd040 JavaThread "ForkJoinPool-1-worker-7"    daemon [_thread_blocked, id=57524, stack(0x0000009f7ae00000,0x0000009f7af00000) (1024K)]
  0x00000275783f6dd0 JavaThread "ForkJoinPool-1-worker-8"    daemon [_thread_blocked, id=53544, stack(0x0000009f7af00000,0x0000009f7b000000) (1024K)]
  0x00000275783fb600 JavaThread "ForkJoinPool-1-worker-9"    daemon [_thread_blocked, id=78140, stack(0x0000009f7b000000,0x0000009f7b100000) (1024K)]
  0x00000275783fd6d0 JavaThread "ForkJoinPool-1-worker-10"   daemon [_thread_blocked, id=39032, stack(0x0000009f7b100000,0x0000009f7b200000) (1024K)]
  0x00000275783f6740 JavaThread "ForkJoinPool-1-worker-11"   daemon [_thread_blocked, id=30480, stack(0x0000009f7b200000,0x0000009f7b300000) (1024K)]
  0x00000275783fe3f0 JavaThread "ForkJoinPool-1-worker-12"   daemon [_thread_blocked, id=33920, stack(0x0000009f7b300000,0x0000009f7b400000) (1024K)]
  0x00000275783f7460 JavaThread "ForkJoinPool-1-worker-13"   daemon [_thread_blocked, id=80080, stack(0x0000009f7b400000,0x0000009f7b500000) (1024K)]
  0x00000275783fa250 JavaThread "ForkJoinPool-1-worker-14"   daemon [_thread_blocked, id=25172, stack(0x0000009f7b500000,0x0000009f7b600000) (1024K)]
  0x00000275783fea80 JavaThread "ForkJoinPool-1-worker-15"   daemon [_thread_blocked, id=28200, stack(0x0000009f7b600000,0x0000009f7b700000) (1024K)]
  0x00000275783f7af0 JavaThread "ForkJoinPool-1-worker-16"   daemon [_thread_blocked, id=41668, stack(0x0000009f7b700000,0x0000009f7b800000) (1024K)]
  0x00000275783ff7a0 JavaThread "ForkJoinPool-1-worker-17"   daemon [_thread_blocked, id=21940, stack(0x0000009f7b800000,0x0000009f7b900000) (1024K)]
  0x0000027578404cf0 JavaThread "ForkJoinPool-1-worker-18"   daemon [_thread_blocked, id=39832, stack(0x0000009f7b900000,0x0000009f7ba00000) (1024K)]
  0x0000027578404660 JavaThread "ForkJoinPool-1-worker-19"   daemon [_thread_blocked, id=45344, stack(0x0000009f7ba00000,0x0000009f7bb00000) (1024K)]
  0x00000275784011e0 JavaThread "ForkJoinPool-1-worker-20"   daemon [_thread_blocked, id=80308, stack(0x0000009f7bb00000,0x0000009f7bc00000) (1024K)]
  0x0000027578403940 JavaThread "ForkJoinPool-1-worker-21"   daemon [_thread_blocked, id=48284, stack(0x0000009f7bc00000,0x0000009f7bd00000) (1024K)]
  0x0000027578403fd0 JavaThread "ForkJoinPool-1-worker-22"   daemon [_thread_blocked, id=51496, stack(0x0000009f7bd00000,0x0000009f7be00000) (1024K)]
  0x0000027578405380 JavaThread "ForkJoinPool-1-worker-23"   daemon [_thread_blocked, id=20704, stack(0x0000009f7be00000,0x0000009f7bf00000) (1024K)]
  0x0000027578400b50 JavaThread "ForkJoinPool-1-worker-24"   daemon [_thread_blocked, id=18620, stack(0x0000009f7bf00000,0x0000009f7c000000) (1024K)]
=>0x000002757c45d720 JavaThread "C2 CompilerThread5"         daemon [_thread_in_native, id=67104, stack(0x0000009f7a200000,0x0000009f7a300000) (1024K)]
  0x000002757acb2f40 JavaThread "C2 CompilerThread6"         daemon [_thread_in_native, id=71512, stack(0x0000009f7c000000,0x0000009f7c100000) (1024K)]
  0x000002757acb65c0 JavaThread "C2 CompilerThread7"         daemon [_thread_in_native, id=34284, stack(0x0000009f7c100000,0x0000009f7c200000) (1024K)]
Total: 387

Other Threads:
  0x0000027571811340 VMThread "VM Thread"                           [id=50404, stack(0x0000009f62900000,0x0000009f62a00000) (1024K)]
  0x0000027571802040 WatcherThread "VM Periodic Task Thread"        [id=41796, stack(0x0000009f62800000,0x0000009f62900000) (1024K)]
  0x00000275547b5240 WorkerThread "GC Thread#0"                     [id=58524, stack(0x0000009f62300000,0x0000009f62400000) (1024K)]
  0x0000027576f53ba0 WorkerThread "GC Thread#1"                     [id=33540, stack(0x0000009f63a00000,0x0000009f63b00000) (1024K)]
  0x0000027576c30780 WorkerThread "GC Thread#2"                     [id=46684, stack(0x0000009f63b00000,0x0000009f63c00000) (1024K)]
  0x0000027576c30b30 WorkerThread "GC Thread#3"                     [id=58656, stack(0x0000009f63c00000,0x0000009f63d00000) (1024K)]
  0x0000027576f93d40 WorkerThread "GC Thread#4"                     [id=73944, stack(0x0000009f63d00000,0x0000009f63e00000) (1024K)]
  0x0000027576f944c0 WorkerThread "GC Thread#5"                     [id=54212, stack(0x0000009f63e00000,0x0000009f63f00000) (1024K)]
  0x0000027577092bd0 WorkerThread "GC Thread#6"                     [id=77800, stack(0x0000009f63f00000,0x0000009f64000000) (1024K)]
  0x0000027577092f80 WorkerThread "GC Thread#7"                     [id=24096, stack(0x0000009f64000000,0x0000009f64100000) (1024K)]
  0x0000027577093700 WorkerThread "GC Thread#8"                     [id=48456, stack(0x0000009f64100000,0x0000009f64200000) (1024K)]
  0x00000275770845b0 WorkerThread "GC Thread#9"                     [id=24696, stack(0x0000009f64200000,0x0000009f64300000) (1024K)]
  0x0000027577084d10 WorkerThread "GC Thread#10"                    [id=41432, stack(0x0000009f64300000,0x0000009f64400000) (1024K)]
  0x0000027577084960 WorkerThread "GC Thread#11"                    [id=58020, stack(0x0000009f64400000,0x0000009f64500000) (1024K)]
  0x00000275770850c0 WorkerThread "GC Thread#12"                    [id=37484, stack(0x0000009f64500000,0x0000009f64600000) (1024K)]
  0x0000027577085470 WorkerThread "GC Thread#13"                    [id=18564, stack(0x0000009f64600000,0x0000009f64700000) (1024K)]
  0x0000027577085820 WorkerThread "GC Thread#14"                    [id=69576, stack(0x0000009f64700000,0x0000009f64800000) (1024K)]
  0x0000027577084200 WorkerThread "GC Thread#15"                    [id=52032, stack(0x0000009f64800000,0x0000009f64900000) (1024K)]
  0x0000027577083e50 WorkerThread "GC Thread#16"                    [id=19756, stack(0x0000009f64900000,0x0000009f64a00000) (1024K)]
  0x000002757731c2d0 WorkerThread "GC Thread#17"                    [id=11600, stack(0x0000009f64a00000,0x0000009f64b00000) (1024K)]
  0x000002755252e8c0 ConcurrentGCThread "G1 Main Marker"            [id=43876, stack(0x0000009f62400000,0x0000009f62500000) (1024K)]
  0x00000275547ba9f0 WorkerThread "G1 Conc#0"                       [id=17768, stack(0x0000009f62500000,0x0000009f62600000) (1024K)]
  0x000002757731ef10 WorkerThread "G1 Conc#1"                       [id=4920, stack(0x0000009f65a00000,0x0000009f65b00000) (1024K)]
  0x000002757731f2c0 WorkerThread "G1 Conc#2"                       [id=77580, stack(0x0000009f65b00000,0x0000009f65c00000) (1024K)]
  0x000002757731f670 WorkerThread "G1 Conc#3"                       [id=34008, stack(0x0000009f65c00000,0x0000009f65d00000) (1024K)]
  0x000002757731bb70 WorkerThread "G1 Conc#4"                       [id=8100, stack(0x0000009f65d00000,0x0000009f65e00000) (1024K)]
  0x00000275714bb890 ConcurrentGCThread "G1 Refine#0"               [id=33464, stack(0x0000009f62600000,0x0000009f62700000) (1024K)]
  0x00000275714bc410 ConcurrentGCThread "G1 Service"                [id=67000, stack(0x0000009f62700000,0x0000009f62800000) (1024K)]
Total: 28

Threads with active compile tasks:
C2 CompilerThread0   110534 19804       4       java.util.concurrent.ForkJoinPool::scan (263 bytes)
C1 CompilerThread0   110534 20304       2       com.android.tools.r8.dex.p0$$Lambda/0x000002750258a598::compare (16 bytes)
C1 CompilerThread1   110534 20301       3       java.util.IdentityHashMap$IdentityHashMapIterator::nextIndex (72 bytes)
C1 CompilerThread2   110534 20303       3       com.android.tools.r8.dex.p0$$Lambda/0x000002750258a828::test (12 bytes)
C1 CompilerThread3   110534 20302       3       java.util.IdentityHashMap$KeyIterator::next (13 bytes)
C2 CompilerThread1   110535 20262       4       com.android.tools.r8.internal.Rq$$Lambda/0x00000275023198f8::accept (13 bytes)
C2 CompilerThread2   110535 20116       4       com.android.tools.r8.internal.ji0$$Lambda/0x00000275025798b0::apply (12 bytes)
C2 CompilerThread3   110535 20258       4       java.util.concurrent.ForkJoinPool::submit (14 bytes)
C2 CompilerThread4   110535 20255       4       com.android.tools.r8.internal.Og0::a (25 bytes)
C2 CompilerThread5   110535 19298       4       com.android.tools.r8.dex.code.N::a (3284 bytes)
C2 CompilerThread6   110535 19303 %     4       com.android.tools.r8.dex.C::a @ 292 (997 bytes)
C2 CompilerThread7   110535 20257       4       java.util.concurrent.ForkJoinPool::submit (6 bytes)
Total: 12

VM state: not at safepoint (normal execution)

VM Mutex/Monitor currently owned by a thread: None

Heap address: 0x00000000bb400000, size: 1100 MB, Compressed Oops mode: 32-bit

CDS archive(s) mapped at: [0x0000027500000000-0x0000027500c90000-0x0000027500c90000), size 13172736, SharedBaseAddress: 0x0000027500000000, ArchiveRelocationMode: 1.
Compressed class space mapped at: 0x0000027501000000-0x0000027541000000, reserved size: 1073741824
Narrow klass base: 0x0000027500000000, Narrow klass shift: 0, Narrow klass range: 0x100000000

GC Precious Log:
 CardTable entry size: 512
 Card Set container configuration: InlinePtr #cards 5 size 8 Array Of Cards #cards 12 size 40 Howl #buckets 4 coarsen threshold 1843 Howl Bitmap #cards 512 size 80 coarsen threshold 460 Card regions per heap region 1 cards per card region 2048
 CPUs: 24 total, 24 available
 Memory: 81620M
 Large Page Support: Disabled
 NUMA Support: Disabled
 Compressed Oops: Enabled (32-bit)
 Heap Region Size: 1M
 Heap Min Capacity: 8M
 Heap Initial Capacity: 1100M
 Heap Max Capacity: 1100M
 Pre-touch: Disabled
 Parallel Workers: 18
 Concurrent Workers: 5
 Concurrent Refinement Workers: 18
 Periodic GC: Disabled

Heap:
 garbage-first heap   total 360448K, used 239864K [0x00000000bb400000, 0x0000000100000000)
  region size 1024K, 38 young (38912K), 8 survivors (8192K)
 Metaspace       used 154637K, committed 157184K, reserved 1245184K
  class space    used 20789K, committed 22016K, reserved 1048576K

Heap Regions: E=young(eden), S=young(survivor), O=old, HS=humongous(starts), HC=humongous(continues), CS=collection set, F=free, TAMS=top-at-mark-start, PB=parsable bottom
|   0|0x00000000bb400000, 0x00000000bb500000, 0x00000000bb500000|100%|HS|  |TAMS 0x00000000bb400000| PB 0x00000000bb400000| Complete 
|   1|0x00000000bb500000, 0x00000000bb600000, 0x00000000bb600000|100%|HC|  |TAMS 0x00000000bb500000| PB 0x00000000bb500000| Complete 
|   2|0x00000000bb600000, 0x00000000bb700000, 0x00000000bb700000|100%|HC|  |TAMS 0x00000000bb600000| PB 0x00000000bb600000| Complete 
|   3|0x00000000bb700000, 0x00000000bb800000, 0x00000000bb800000|100%| O|  |TAMS 0x00000000bb700000| PB 0x00000000bb700000| Untracked 
|   4|0x00000000bb800000, 0x00000000bb900000, 0x00000000bb900000|100%|HS|  |TAMS 0x00000000bb800000| PB 0x00000000bb800000| Complete 
|   5|0x00000000bb900000, 0x00000000bba00000, 0x00000000bba00000|100%| O|  |TAMS 0x00000000bb900000| PB 0x00000000bb900000| Untracked 
|   6|0x00000000bba00000, 0x00000000bbb00000, 0x00000000bbb00000|100%| O|  |TAMS 0x00000000bba00000| PB 0x00000000bba00000| Untracked 
|   7|0x00000000bbb00000, 0x00000000bbc00000, 0x00000000bbc00000|100%| O|  |TAMS 0x00000000bbb00000| PB 0x00000000bbb00000| Untracked 
|   8|0x00000000bbc00000, 0x00000000bbd00000, 0x00000000bbd00000|100%| O|  |TAMS 0x00000000bbc00000| PB 0x00000000bbc00000| Untracked 
|   9|0x00000000bbd00000, 0x00000000bbe00000, 0x00000000bbe00000|100%| O|  |TAMS 0x00000000bbd00000| PB 0x00000000bbd00000| Untracked 
|  10|0x00000000bbe00000, 0x00000000bbf00000, 0x00000000bbf00000|100%| O|  |TAMS 0x00000000bbe00000| PB 0x00000000bbe00000| Untracked 
|  11|0x00000000bbf00000, 0x00000000bc000000, 0x00000000bc000000|100%| O|  |TAMS 0x00000000bbf00000| PB 0x00000000bbf00000| Untracked 
|  12|0x00000000bc000000, 0x00000000bc100000, 0x00000000bc100000|100%| O|  |TAMS 0x00000000bc000000| PB 0x00000000bc000000| Untracked 
|  13|0x00000000bc100000, 0x00000000bc200000, 0x00000000bc200000|100%| O|  |TAMS 0x00000000bc100000| PB 0x00000000bc100000| Untracked 
|  14|0x00000000bc200000, 0x00000000bc300000, 0x00000000bc300000|100%| O|  |TAMS 0x00000000bc200000| PB 0x00000000bc200000| Untracked 
|  15|0x00000000bc300000, 0x00000000bc400000, 0x00000000bc400000|100%| O|  |TAMS 0x00000000bc300000| PB 0x00000000bc300000| Untracked 
|  16|0x00000000bc400000, 0x00000000bc500000, 0x00000000bc500000|100%| O|  |TAMS 0x00000000bc400000| PB 0x00000000bc400000| Untracked 
|  17|0x00000000bc500000, 0x00000000bc600000, 0x00000000bc600000|100%| O|  |TAMS 0x00000000bc500000| PB 0x00000000bc500000| Untracked 
|  18|0x00000000bc600000, 0x00000000bc700000, 0x00000000bc700000|100%| O|  |TAMS 0x00000000bc600000| PB 0x00000000bc600000| Untracked 
|  19|0x00000000bc700000, 0x00000000bc800000, 0x00000000bc800000|100%| O|  |TAMS 0x00000000bc700000| PB 0x00000000bc700000| Untracked 
|  20|0x00000000bc800000, 0x00000000bc900000, 0x00000000bc900000|100%| O|  |TAMS 0x00000000bc800000| PB 0x00000000bc800000| Untracked 
|  21|0x00000000bc900000, 0x00000000bca00000, 0x00000000bca00000|100%| O|  |TAMS 0x00000000bc900000| PB 0x00000000bc900000| Untracked 
|  22|0x00000000bca00000, 0x00000000bcb00000, 0x00000000bcb00000|100%| O|  |TAMS 0x00000000bca00000| PB 0x00000000bca00000| Untracked 
|  23|0x00000000bcb00000, 0x00000000bcc00000, 0x00000000bcc00000|100%| O|  |TAMS 0x00000000bcb00000| PB 0x00000000bcb00000| Untracked 
|  24|0x00000000bcc00000, 0x00000000bcd00000, 0x00000000bcd00000|100%| O|  |TAMS 0x00000000bcc00000| PB 0x00000000bcc00000| Untracked 
|  25|0x00000000bcd00000, 0x00000000bce00000, 0x00000000bce00000|100%| O|  |TAMS 0x00000000bcd00000| PB 0x00000000bcd00000| Untracked 
|  26|0x00000000bce00000, 0x00000000bcf00000, 0x00000000bcf00000|100%| O|  |TAMS 0x00000000bce00000| PB 0x00000000bce00000| Untracked 
|  27|0x00000000bcf00000, 0x00000000bd000000, 0x00000000bd000000|100%| O|  |TAMS 0x00000000bcf00000| PB 0x00000000bcf00000| Untracked 
|  28|0x00000000bd000000, 0x00000000bd100000, 0x00000000bd100000|100%| O|  |TAMS 0x00000000bd000000| PB 0x00000000bd000000| Untracked 
|  29|0x00000000bd100000, 0x00000000bd200000, 0x00000000bd200000|100%| O|  |TAMS 0x00000000bd100000| PB 0x00000000bd100000| Untracked 
|  30|0x00000000bd200000, 0x00000000bd300000, 0x00000000bd300000|100%| O|  |TAMS 0x00000000bd200000| PB 0x00000000bd200000| Untracked 
|  31|0x00000000bd300000, 0x00000000bd400000, 0x00000000bd400000|100%| O|  |TAMS 0x00000000bd300000| PB 0x00000000bd300000| Untracked 
|  32|0x00000000bd400000, 0x00000000bd500000, 0x00000000bd500000|100%| O|  |TAMS 0x00000000bd400000| PB 0x00000000bd400000| Untracked 
|  33|0x00000000bd500000, 0x00000000bd600000, 0x00000000bd600000|100%| O|  |TAMS 0x00000000bd500000| PB 0x00000000bd500000| Untracked 
|  34|0x00000000bd600000, 0x00000000bd700000, 0x00000000bd700000|100%| O|  |TAMS 0x00000000bd600000| PB 0x00000000bd600000| Untracked 
|  35|0x00000000bd700000, 0x00000000bd800000, 0x00000000bd800000|100%| O|  |TAMS 0x00000000bd700000| PB 0x00000000bd700000| Untracked 
|  36|0x00000000bd800000, 0x00000000bd900000, 0x00000000bd900000|100%| O|  |TAMS 0x00000000bd800000| PB 0x00000000bd800000| Untracked 
|  37|0x00000000bd900000, 0x00000000bda00000, 0x00000000bda00000|100%| O|  |TAMS 0x00000000bd900000| PB 0x00000000bd900000| Untracked 
|  38|0x00000000bda00000, 0x00000000bdb00000, 0x00000000bdb00000|100%| O|  |TAMS 0x00000000bda00000| PB 0x00000000bda00000| Untracked 
|  39|0x00000000bdb00000, 0x00000000bdc00000, 0x00000000bdc00000|100%| O|  |TAMS 0x00000000bdb00000| PB 0x00000000bdb00000| Untracked 
|  40|0x00000000bdc00000, 0x00000000bdd00000, 0x00000000bdd00000|100%| O|  |TAMS 0x00000000bdc00000| PB 0x00000000bdc00000| Untracked 
|  41|0x00000000bdd00000, 0x00000000bde00000, 0x00000000bde00000|100%| O|  |TAMS 0x00000000bdd00000| PB 0x00000000bdd00000| Untracked 
|  42|0x00000000bde00000, 0x00000000bdf00000, 0x00000000bdf00000|100%| O|  |TAMS 0x00000000bde00000| PB 0x00000000bde00000| Untracked 
|  43|0x00000000bdf00000, 0x00000000be000000, 0x00000000be000000|100%| O|  |TAMS 0x00000000bdf00000| PB 0x00000000bdf00000| Untracked 
|  44|0x00000000be000000, 0x00000000be100000, 0x00000000be100000|100%|HS|  |TAMS 0x00000000be000000| PB 0x00000000be000000| Complete 
|  45|0x00000000be100000, 0x00000000be200000, 0x00000000be200000|100%| O|  |TAMS 0x00000000be100000| PB 0x00000000be100000| Untracked 
|  46|0x00000000be200000, 0x00000000be300000, 0x00000000be300000|100%|HS|  |TAMS 0x00000000be200000| PB 0x00000000be200000| Complete 
|  47|0x00000000be300000, 0x00000000be400000, 0x00000000be400000|100%|HS|  |TAMS 0x00000000be300000| PB 0x00000000be300000| Complete 
|  48|0x00000000be400000, 0x00000000be500000, 0x00000000be500000|100%|HC|  |TAMS 0x00000000be400000| PB 0x00000000be400000| Complete 
|  49|0x00000000be500000, 0x00000000be600000, 0x00000000be600000|100%|HS|  |TAMS 0x00000000be500000| PB 0x00000000be500000| Complete 
|  50|0x00000000be600000, 0x00000000be700000, 0x00000000be700000|100%|HC|  |TAMS 0x00000000be600000| PB 0x00000000be600000| Complete 
|  51|0x00000000be700000, 0x00000000be800000, 0x00000000be800000|100%|HS|  |TAMS 0x00000000be700000| PB 0x00000000be700000| Complete 
|  52|0x00000000be800000, 0x00000000be900000, 0x00000000be900000|100%|HS|  |TAMS 0x00000000be800000| PB 0x00000000be800000| Complete 
|  53|0x00000000be900000, 0x00000000bea00000, 0x00000000bea00000|100%|HC|  |TAMS 0x00000000be900000| PB 0x00000000be900000| Complete 
|  54|0x00000000bea00000, 0x00000000beb00000, 0x00000000beb00000|100%|HC|  |TAMS 0x00000000bea00000| PB 0x00000000bea00000| Complete 
|  55|0x00000000beb00000, 0x00000000bec00000, 0x00000000bec00000|100%|HS|  |TAMS 0x00000000beb00000| PB 0x00000000beb00000| Complete 
|  56|0x00000000bec00000, 0x00000000bed00000, 0x00000000bed00000|100%| O|  |TAMS 0x00000000bec00000| PB 0x00000000bec00000| Untracked 
|  57|0x00000000bed00000, 0x00000000bee00000, 0x00000000bee00000|100%|HS|  |TAMS 0x00000000bed00000| PB 0x00000000bed00000| Complete 
|  58|0x00000000bee00000, 0x00000000bef00000, 0x00000000bef00000|100%|HS|  |TAMS 0x00000000bee00000| PB 0x00000000bee00000| Complete 
|  59|0x00000000bef00000, 0x00000000bf000000, 0x00000000bf000000|100%| O|  |TAMS 0x00000000bef00000| PB 0x00000000bef00000| Untracked 
|  60|0x00000000bf000000, 0x00000000bf100000, 0x00000000bf100000|100%| O|  |TAMS 0x00000000bf000000| PB 0x00000000bf000000| Untracked 
|  61|0x00000000bf100000, 0x00000000bf200000, 0x00000000bf200000|100%| O|  |TAMS 0x00000000bf100000| PB 0x00000000bf100000| Untracked 
|  62|0x00000000bf200000, 0x00000000bf300000, 0x00000000bf300000|100%| O|  |TAMS 0x00000000bf200000| PB 0x00000000bf200000| Untracked 
|  63|0x00000000bf300000, 0x00000000bf400000, 0x00000000bf400000|100%| O|  |TAMS 0x00000000bf300000| PB 0x00000000bf300000| Untracked 
|  64|0x00000000bf400000, 0x00000000bf500000, 0x00000000bf500000|100%| O|  |TAMS 0x00000000bf400000| PB 0x00000000bf400000| Untracked 
|  65|0x00000000bf500000, 0x00000000bf600000, 0x00000000bf600000|100%| O|  |TAMS 0x00000000bf500000| PB 0x00000000bf500000| Untracked 
|  66|0x00000000bf600000, 0x00000000bf700000, 0x00000000bf700000|100%| O|  |TAMS 0x00000000bf600000| PB 0x00000000bf600000| Untracked 
|  67|0x00000000bf700000, 0x00000000bf800000, 0x00000000bf800000|100%| O|  |TAMS 0x00000000bf700000| PB 0x00000000bf700000| Untracked 
|  68|0x00000000bf800000, 0x00000000bf900000, 0x00000000bf900000|100%|HS|  |TAMS 0x00000000bf800000| PB 0x00000000bf800000| Complete 
|  69|0x00000000bf900000, 0x00000000bfa00000, 0x00000000bfa00000|100%| O|  |TAMS 0x00000000bf900000| PB 0x00000000bf900000| Untracked 
|  70|0x00000000bfa00000, 0x00000000bfb00000, 0x00000000bfb00000|100%| O|  |TAMS 0x00000000bfa00000| PB 0x00000000bfa00000| Untracked 
|  71|0x00000000bfb00000, 0x00000000bfc00000, 0x00000000bfc00000|100%|HS|  |TAMS 0x00000000bfb00000| PB 0x00000000bfb00000| Complete 
|  72|0x00000000bfc00000, 0x00000000bfd00000, 0x00000000bfd00000|100%|HC|  |TAMS 0x00000000bfc00000| PB 0x00000000bfc00000| Complete 
|  73|0x00000000bfd00000, 0x00000000bfe00000, 0x00000000bfe00000|100%|HC|  |TAMS 0x00000000bfd00000| PB 0x00000000bfd00000| Complete 
|  74|0x00000000bfe00000, 0x00000000bff00000, 0x00000000bff00000|100%| O|  |TAMS 0x00000000bfe00000| PB 0x00000000bfe00000| Untracked 
|  75|0x00000000bff00000, 0x00000000c0000000, 0x00000000c0000000|100%| O|  |TAMS 0x00000000bff00000| PB 0x00000000bff00000| Untracked 
|  76|0x00000000c0000000, 0x00000000c0100000, 0x00000000c0100000|100%| O|  |TAMS 0x00000000c0000000| PB 0x00000000c0000000| Untracked 
|  77|0x00000000c0100000, 0x00000000c0200000, 0x00000000c0200000|100%| O|  |TAMS 0x00000000c0100000| PB 0x00000000c0100000| Untracked 
|  78|0x00000000c0200000, 0x00000000c0300000, 0x00000000c0300000|100%| O|  |TAMS 0x00000000c0200000| PB 0x00000000c0200000| Untracked 
|  79|0x00000000c0300000, 0x00000000c0400000, 0x00000000c0400000|100%| O|  |TAMS 0x00000000c0300000| PB 0x00000000c0300000| Untracked 
|  80|0x00000000c0400000, 0x00000000c0500000, 0x00000000c0500000|100%| O|  |TAMS 0x00000000c0400000| PB 0x00000000c0400000| Untracked 
|  81|0x00000000c0500000, 0x00000000c0600000, 0x00000000c0600000|100%| O|  |TAMS 0x00000000c0500000| PB 0x00000000c0500000| Untracked 
|  82|0x00000000c0600000, 0x00000000c0700000, 0x00000000c0700000|100%| O|  |TAMS 0x00000000c0600000| PB 0x00000000c0600000| Untracked 
|  83|0x00000000c0700000, 0x00000000c0800000, 0x00000000c0800000|100%| O|  |TAMS 0x00000000c0700000| PB 0x00000000c0700000| Untracked 
|  84|0x00000000c0800000, 0x00000000c0900000, 0x00000000c0900000|100%| O|  |TAMS 0x00000000c0800000| PB 0x00000000c0800000| Untracked 
|  85|0x00000000c0900000, 0x00000000c0a00000, 0x00000000c0a00000|100%| O|  |TAMS 0x00000000c0900000| PB 0x00000000c0900000| Untracked 
|  86|0x00000000c0a00000, 0x00000000c0b00000, 0x00000000c0b00000|100%| O|  |TAMS 0x00000000c0a00000| PB 0x00000000c0a00000| Untracked 
|  87|0x00000000c0b00000, 0x00000000c0c00000, 0x00000000c0c00000|100%| O|  |TAMS 0x00000000c0b00000| PB 0x00000000c0b00000| Untracked 
|  88|0x00000000c0c00000, 0x00000000c0d00000, 0x00000000c0d00000|100%| O|  |TAMS 0x00000000c0c00000| PB 0x00000000c0c00000| Untracked 
|  89|0x00000000c0d00000, 0x00000000c0e00000, 0x00000000c0e00000|100%| O|  |TAMS 0x00000000c0d00000| PB 0x00000000c0d00000| Untracked 
|  90|0x00000000c0e00000, 0x00000000c0f00000, 0x00000000c0f00000|100%| O|  |TAMS 0x00000000c0e00000| PB 0x00000000c0e00000| Untracked 
|  91|0x00000000c0f00000, 0x00000000c1000000, 0x00000000c1000000|100%| O|  |TAMS 0x00000000c0f00000| PB 0x00000000c0f00000| Untracked 
|  92|0x00000000c1000000, 0x00000000c1100000, 0x00000000c1100000|100%| O|  |TAMS 0x00000000c1000000| PB 0x00000000c1000000| Untracked 
|  93|0x00000000c1100000, 0x00000000c1200000, 0x00000000c1200000|100%| O|  |TAMS 0x00000000c1100000| PB 0x00000000c1100000| Untracked 
|  94|0x00000000c1200000, 0x00000000c1300000, 0x00000000c1300000|100%| O|  |TAMS 0x00000000c1200000| PB 0x00000000c1200000| Untracked 
|  95|0x00000000c1300000, 0x00000000c1400000, 0x00000000c1400000|100%| O|  |TAMS 0x00000000c1300000| PB 0x00000000c1300000| Untracked 
|  96|0x00000000c1400000, 0x00000000c1500000, 0x00000000c1500000|100%| O|  |TAMS 0x00000000c1400000| PB 0x00000000c1400000| Untracked 
|  97|0x00000000c1500000, 0x00000000c1600000, 0x00000000c1600000|100%| O|  |TAMS 0x00000000c1500000| PB 0x00000000c1500000| Untracked 
|  98|0x00000000c1600000, 0x00000000c1700000, 0x00000000c1700000|100%| O|  |TAMS 0x00000000c1600000| PB 0x00000000c1600000| Untracked 
|  99|0x00000000c1700000, 0x00000000c1800000, 0x00000000c1800000|100%| O|  |TAMS 0x00000000c1700000| PB 0x00000000c1700000| Untracked 
| 100|0x00000000c1800000, 0x00000000c1900000, 0x00000000c1900000|100%| O|  |TAMS 0x00000000c1800000| PB 0x00000000c1800000| Untracked 
| 101|0x00000000c1900000, 0x00000000c1a00000, 0x00000000c1a00000|100%| O|  |TAMS 0x00000000c1900000| PB 0x00000000c1900000| Untracked 
| 102|0x00000000c1a00000, 0x00000000c1b00000, 0x00000000c1b00000|100%| O|  |TAMS 0x00000000c1a00000| PB 0x00000000c1a00000| Untracked 
| 103|0x00000000c1b00000, 0x00000000c1c00000, 0x00000000c1c00000|100%| O|  |TAMS 0x00000000c1b00000| PB 0x00000000c1b00000| Untracked 
| 104|0x00000000c1c00000, 0x00000000c1d00000, 0x00000000c1d00000|100%| O|  |TAMS 0x00000000c1c00000| PB 0x00000000c1c00000| Untracked 
| 105|0x00000000c1d00000, 0x00000000c1e00000, 0x00000000c1e00000|100%| O|Cm|TAMS 0x00000000c1d00000| PB 0x00000000c1d00000| Complete 
| 106|0x00000000c1e00000, 0x00000000c1f00000, 0x00000000c1f00000|100%| O|  |TAMS 0x00000000c1e00000| PB 0x00000000c1e00000| Untracked 
| 107|0x00000000c1f00000, 0x00000000c2000000, 0x00000000c2000000|100%| O|  |TAMS 0x00000000c1f00000| PB 0x00000000c1f00000| Untracked 
| 108|0x00000000c2000000, 0x00000000c2100000, 0x00000000c2100000|100%| O|  |TAMS 0x00000000c2000000| PB 0x00000000c2000000| Untracked 
| 109|0x00000000c2100000, 0x00000000c2200000, 0x00000000c2200000|100%| O|  |TAMS 0x00000000c2100000| PB 0x00000000c2100000| Untracked 
| 110|0x00000000c2200000, 0x00000000c2300000, 0x00000000c2300000|100%| O|  |TAMS 0x00000000c2200000| PB 0x00000000c2200000| Untracked 
| 111|0x00000000c2300000, 0x00000000c2400000, 0x00000000c2400000|100%| O|  |TAMS 0x00000000c2300000| PB 0x00000000c2300000| Untracked 
| 112|0x00000000c2400000, 0x00000000c2500000, 0x00000000c2500000|100%| O|  |TAMS 0x00000000c2400000| PB 0x00000000c2400000| Untracked 
| 113|0x00000000c2500000, 0x00000000c2600000, 0x00000000c2600000|100%| O|  |TAMS 0x00000000c2500000| PB 0x00000000c2500000| Untracked 
| 114|0x00000000c2600000, 0x00000000c2700000, 0x00000000c2700000|100%| O|  |TAMS 0x00000000c2600000| PB 0x00000000c2600000| Untracked 
| 115|0x00000000c2700000, 0x00000000c2800000, 0x00000000c2800000|100%| O|  |TAMS 0x00000000c2700000| PB 0x00000000c2700000| Untracked 
| 116|0x00000000c2800000, 0x00000000c2900000, 0x00000000c2900000|100%| O|  |TAMS 0x00000000c2800000| PB 0x00000000c2800000| Untracked 
| 117|0x00000000c2900000, 0x00000000c2a00000, 0x00000000c2a00000|100%| O|  |TAMS 0x00000000c2900000| PB 0x00000000c2900000| Untracked 
| 118|0x00000000c2a00000, 0x00000000c2b00000, 0x00000000c2b00000|100%| O|  |TAMS 0x00000000c2a00000| PB 0x00000000c2a00000| Untracked 
| 119|0x00000000c2b00000, 0x00000000c2c00000, 0x00000000c2c00000|100%| O|  |TAMS 0x00000000c2b00000| PB 0x00000000c2b00000| Untracked 
| 120|0x00000000c2c00000, 0x00000000c2d00000, 0x00000000c2d00000|100%| O|  |TAMS 0x00000000c2c00000| PB 0x00000000c2c00000| Untracked 
| 121|0x00000000c2d00000, 0x00000000c2e00000, 0x00000000c2e00000|100%| O|  |TAMS 0x00000000c2d00000| PB 0x00000000c2d00000| Untracked 
| 122|0x00000000c2e00000, 0x00000000c2f00000, 0x00000000c2f00000|100%| O|  |TAMS 0x00000000c2e00000| PB 0x00000000c2e00000| Untracked 
| 123|0x00000000c2f00000, 0x00000000c3000000, 0x00000000c3000000|100%| O|  |TAMS 0x00000000c2f00000| PB 0x00000000c2f00000| Untracked 
| 124|0x00000000c3000000, 0x00000000c3100000, 0x00000000c3100000|100%|HS|  |TAMS 0x00000000c3000000| PB 0x00000000c3000000| Complete 
| 125|0x00000000c3100000, 0x00000000c3200000, 0x00000000c3200000|100%|HC|  |TAMS 0x00000000c3100000| PB 0x00000000c3100000| Complete 
| 126|0x00000000c3200000, 0x00000000c3300000, 0x00000000c3300000|100%|HC|  |TAMS 0x00000000c3200000| PB 0x00000000c3200000| Complete 
| 127|0x00000000c3300000, 0x00000000c3400000, 0x00000000c3400000|100%|HS|  |TAMS 0x00000000c3300000| PB 0x00000000c3300000| Complete 
| 128|0x00000000c3400000, 0x00000000c3500000, 0x00000000c3500000|100%|HC|  |TAMS 0x00000000c3400000| PB 0x00000000c3400000| Complete 
| 129|0x00000000c3500000, 0x00000000c3600000, 0x00000000c3600000|100%|HC|  |TAMS 0x00000000c3500000| PB 0x00000000c3500000| Complete 
| 130|0x00000000c3600000, 0x00000000c3700000, 0x00000000c3700000|100%|HC|  |TAMS 0x00000000c3600000| PB 0x00000000c3600000| Complete 
| 131|0x00000000c3700000, 0x00000000c3800000, 0x00000000c3800000|100%| O|  |TAMS 0x00000000c3700000| PB 0x00000000c3700000| Untracked 
| 132|0x00000000c3800000, 0x00000000c3900000, 0x00000000c3900000|100%| O|  |TAMS 0x00000000c3800000| PB 0x00000000c3800000| Untracked 
| 133|0x00000000c3900000, 0x00000000c3a00000, 0x00000000c3a00000|100%| O|  |TAMS 0x00000000c3900000| PB 0x00000000c3900000| Untracked 
| 134|0x00000000c3a00000, 0x00000000c3b00000, 0x00000000c3b00000|100%| O|Cm|TAMS 0x00000000c3a00000| PB 0x00000000c3a00000| Complete 
| 135|0x00000000c3b00000, 0x00000000c3c00000, 0x00000000c3c00000|100%|HS|  |TAMS 0x00000000c3b00000| PB 0x00000000c3b00000| Complete 
| 136|0x00000000c3c00000, 0x00000000c3d00000, 0x00000000c3d00000|100%|HC|  |TAMS 0x00000000c3c00000| PB 0x00000000c3c00000| Complete 
| 137|0x00000000c3d00000, 0x00000000c3e00000, 0x00000000c3e00000|100%|HC|  |TAMS 0x00000000c3d00000| PB 0x00000000c3d00000| Complete 
| 138|0x00000000c3e00000, 0x00000000c3f00000, 0x00000000c3f00000|100%|HC|  |TAMS 0x00000000c3e00000| PB 0x00000000c3e00000| Complete 
| 139|0x00000000c3f00000, 0x00000000c4000000, 0x00000000c4000000|100%|HC|  |TAMS 0x00000000c3f00000| PB 0x00000000c3f00000| Complete 
| 140|0x00000000c4000000, 0x00000000c4100000, 0x00000000c4100000|100%|HC|  |TAMS 0x00000000c4000000| PB 0x00000000c4000000| Complete 
| 141|0x00000000c4100000, 0x00000000c4200000, 0x00000000c4200000|100%| O|  |TAMS 0x00000000c4100000| PB 0x00000000c4100000| Untracked 
| 142|0x00000000c4200000, 0x00000000c4300000, 0x00000000c4300000|100%| O|  |TAMS 0x00000000c4200000| PB 0x00000000c4200000| Untracked 
| 143|0x00000000c4300000, 0x00000000c4400000, 0x00000000c4400000|100%| O|  |TAMS 0x00000000c4300000| PB 0x00000000c4300000| Untracked 
| 144|0x00000000c4400000, 0x00000000c4500000, 0x00000000c4500000|100%| O|  |TAMS 0x00000000c4400000| PB 0x00000000c4400000| Untracked 
| 145|0x00000000c4500000, 0x00000000c4600000, 0x00000000c4600000|100%| O|  |TAMS 0x00000000c4500000| PB 0x00000000c4500000| Untracked 
| 146|0x00000000c4600000, 0x00000000c4700000, 0x00000000c4700000|100%| O|  |TAMS 0x00000000c4600000| PB 0x00000000c4600000| Untracked 
| 147|0x00000000c4700000, 0x00000000c4800000, 0x00000000c4800000|100%| O|  |TAMS 0x00000000c4700000| PB 0x00000000c4700000| Untracked 
| 148|0x00000000c4800000, 0x00000000c4900000, 0x00000000c4900000|100%|HS|  |TAMS 0x00000000c4800000| PB 0x00000000c4800000| Complete 
| 149|0x00000000c4900000, 0x00000000c4a00000, 0x00000000c4a00000|100%|HC|  |TAMS 0x00000000c4900000| PB 0x00000000c4900000| Complete 
| 150|0x00000000c4a00000, 0x00000000c4b00000, 0x00000000c4b00000|100%| O|  |TAMS 0x00000000c4a00000| PB 0x00000000c4a00000| Untracked 
| 151|0x00000000c4b00000, 0x00000000c4c00000, 0x00000000c4c00000|100%| O|  |TAMS 0x00000000c4b00000| PB 0x00000000c4b00000| Untracked 
| 152|0x00000000c4c00000, 0x00000000c4d00000, 0x00000000c4d00000|100%| O|  |TAMS 0x00000000c4c00000| PB 0x00000000c4c00000| Untracked 
| 153|0x00000000c4d00000, 0x00000000c4e00000, 0x00000000c4e00000|100%| O|  |TAMS 0x00000000c4d00000| PB 0x00000000c4d00000| Untracked 
| 154|0x00000000c4e00000, 0x00000000c4f00000, 0x00000000c4f00000|100%| O|  |TAMS 0x00000000c4e00000| PB 0x00000000c4e00000| Untracked 
| 155|0x00000000c4f00000, 0x00000000c5000000, 0x00000000c5000000|100%| O|  |TAMS 0x00000000c4f00000| PB 0x00000000c4f00000| Untracked 
| 156|0x00000000c5000000, 0x00000000c5100000, 0x00000000c5100000|100%| O|  |TAMS 0x00000000c5000000| PB 0x00000000c5000000| Untracked 
| 157|0x00000000c5100000, 0x00000000c5200000, 0x00000000c5200000|100%| O|  |TAMS 0x00000000c5100000| PB 0x00000000c5100000| Untracked 
| 158|0x00000000c5200000, 0x00000000c5300000, 0x00000000c5300000|100%| O|  |TAMS 0x00000000c5200000| PB 0x00000000c5200000| Untracked 
| 159|0x00000000c5300000, 0x00000000c5400000, 0x00000000c5400000|100%| O|  |TAMS 0x00000000c5300000| PB 0x00000000c5300000| Untracked 
| 160|0x00000000c5400000, 0x00000000c5500000, 0x00000000c5500000|100%| O|  |TAMS 0x00000000c5400000| PB 0x00000000c5400000| Untracked 
| 161|0x00000000c5500000, 0x00000000c5600000, 0x00000000c5600000|100%| O|  |TAMS 0x00000000c5500000| PB 0x00000000c5500000| Untracked 
| 162|0x00000000c5600000, 0x00000000c5700000, 0x00000000c5700000|100%|HS|  |TAMS 0x00000000c5600000| PB 0x00000000c5600000| Complete 
| 163|0x00000000c5700000, 0x00000000c5800000, 0x00000000c5800000|100%|HC|  |TAMS 0x00000000c5700000| PB 0x00000000c5700000| Complete 
| 164|0x00000000c5800000, 0x00000000c5900000, 0x00000000c5900000|100%|HC|  |TAMS 0x00000000c5800000| PB 0x00000000c5800000| Complete 
| 165|0x00000000c5900000, 0x00000000c5a00000, 0x00000000c5a00000|100%|HC|  |TAMS 0x00000000c5900000| PB 0x00000000c5900000| Complete 
| 166|0x00000000c5a00000, 0x00000000c5b00000, 0x00000000c5b00000|100%|HC|  |TAMS 0x00000000c5a00000| PB 0x00000000c5a00000| Complete 
| 167|0x00000000c5b00000, 0x00000000c5c00000, 0x00000000c5c00000|100%|HC|  |TAMS 0x00000000c5b00000| PB 0x00000000c5b00000| Complete 
| 168|0x00000000c5c00000, 0x00000000c5d00000, 0x00000000c5d00000|100%| O|  |TAMS 0x00000000c5c00000| PB 0x00000000c5c00000| Untracked 
| 169|0x00000000c5d00000, 0x00000000c5e00000, 0x00000000c5e00000|100%| O|  |TAMS 0x00000000c5d00000| PB 0x00000000c5d00000| Untracked 
| 170|0x00000000c5e00000, 0x00000000c5f00000, 0x00000000c5f00000|100%| O|  |TAMS 0x00000000c5e00000| PB 0x00000000c5e00000| Untracked 
| 171|0x00000000c5f00000, 0x00000000c6000000, 0x00000000c6000000|100%| O|  |TAMS 0x00000000c5f00000| PB 0x00000000c5f00000| Untracked 
| 172|0x00000000c6000000, 0x00000000c6100000, 0x00000000c6100000|100%| O|  |TAMS 0x00000000c6000000| PB 0x00000000c6000000| Untracked 
| 173|0x00000000c6100000, 0x00000000c613e230, 0x00000000c6200000| 24%| O|  |TAMS 0x00000000c6100000| PB 0x00000000c6100000| Untracked 
| 174|0x00000000c6200000, 0x00000000c6200000, 0x00000000c6300000|  0%| F|  |TAMS 0x00000000c6200000| PB 0x00000000c6200000| Untracked 
| 175|0x00000000c6300000, 0x00000000c6300000, 0x00000000c6400000|  0%| F|  |TAMS 0x00000000c6300000| PB 0x00000000c6300000| Untracked 
| 176|0x00000000c6400000, 0x00000000c6400000, 0x00000000c6500000|  0%| F|  |TAMS 0x00000000c6400000| PB 0x00000000c6400000| Untracked 
| 177|0x00000000c6500000, 0x00000000c6500000, 0x00000000c6600000|  0%| F|  |TAMS 0x00000000c6500000| PB 0x00000000c6500000| Untracked 
| 178|0x00000000c6600000, 0x00000000c6600000, 0x00000000c6700000|  0%| F|  |TAMS 0x00000000c6600000| PB 0x00000000c6600000| Untracked 
| 179|0x00000000c6700000, 0x00000000c6700000, 0x00000000c6800000|  0%| F|  |TAMS 0x00000000c6700000| PB 0x00000000c6700000| Untracked 
| 180|0x00000000c6800000, 0x00000000c6800000, 0x00000000c6900000|  0%| F|  |TAMS 0x00000000c6800000| PB 0x00000000c6800000| Untracked 
| 181|0x00000000c6900000, 0x00000000c6900000, 0x00000000c6a00000|  0%| F|  |TAMS 0x00000000c6900000| PB 0x00000000c6900000| Untracked 
| 182|0x00000000c6a00000, 0x00000000c6a00000, 0x00000000c6b00000|  0%| F|  |TAMS 0x00000000c6a00000| PB 0x00000000c6a00000| Untracked 
| 183|0x00000000c6b00000, 0x00000000c6b00000, 0x00000000c6c00000|  0%| F|  |TAMS 0x00000000c6b00000| PB 0x00000000c6b00000| Untracked 
| 184|0x00000000c6c00000, 0x00000000c6c00000, 0x00000000c6d00000|  0%| F|  |TAMS 0x00000000c6c00000| PB 0x00000000c6c00000| Untracked 
| 185|0x00000000c6d00000, 0x00000000c6d00000, 0x00000000c6e00000|  0%| F|  |TAMS 0x00000000c6d00000| PB 0x00000000c6d00000| Untracked 
| 186|0x00000000c6e00000, 0x00000000c6e00000, 0x00000000c6f00000|  0%| F|  |TAMS 0x00000000c6e00000| PB 0x00000000c6e00000| Untracked 
| 187|0x00000000c6f00000, 0x00000000c6f00000, 0x00000000c7000000|  0%| F|  |TAMS 0x00000000c6f00000| PB 0x00000000c6f00000| Untracked 
| 188|0x00000000c7000000, 0x00000000c7000000, 0x00000000c7100000|  0%| F|  |TAMS 0x00000000c7000000| PB 0x00000000c7000000| Untracked 
| 189|0x00000000c7100000, 0x00000000c7100000, 0x00000000c7200000|  0%| F|  |TAMS 0x00000000c7100000| PB 0x00000000c7100000| Untracked 
| 190|0x00000000c7200000, 0x00000000c7200000, 0x00000000c7300000|  0%| F|  |TAMS 0x00000000c7200000| PB 0x00000000c7200000| Untracked 
| 191|0x00000000c7300000, 0x00000000c7300000, 0x00000000c7400000|  0%| F|  |TAMS 0x00000000c7300000| PB 0x00000000c7300000| Untracked 
| 192|0x00000000c7400000, 0x00000000c7400000, 0x00000000c7500000|  0%| F|  |TAMS 0x00000000c7400000| PB 0x00000000c7400000| Untracked 
| 193|0x00000000c7500000, 0x00000000c7500000, 0x00000000c7600000|  0%| F|  |TAMS 0x00000000c7500000| PB 0x00000000c7500000| Untracked 
| 194|0x00000000c7600000, 0x00000000c7600000, 0x00000000c7700000|  0%| F|  |TAMS 0x00000000c7600000| PB 0x00000000c7600000| Untracked 
| 195|0x00000000c7700000, 0x00000000c7700000, 0x00000000c7800000|  0%| F|  |TAMS 0x00000000c7700000| PB 0x00000000c7700000| Untracked 
| 196|0x00000000c7800000, 0x00000000c7800000, 0x00000000c7900000|  0%| F|  |TAMS 0x00000000c7800000| PB 0x00000000c7800000| Untracked 
| 197|0x00000000c7900000, 0x00000000c7900000, 0x00000000c7a00000|  0%| F|  |TAMS 0x00000000c7900000| PB 0x00000000c7900000| Untracked 
| 198|0x00000000c7a00000, 0x00000000c7a00000, 0x00000000c7b00000|  0%| F|  |TAMS 0x00000000c7a00000| PB 0x00000000c7a00000| Untracked 
| 199|0x00000000c7b00000, 0x00000000c7b00000, 0x00000000c7c00000|  0%| F|  |TAMS 0x00000000c7b00000| PB 0x00000000c7b00000| Untracked 
| 200|0x00000000c7c00000, 0x00000000c7c00000, 0x00000000c7d00000|  0%| F|  |TAMS 0x00000000c7c00000| PB 0x00000000c7c00000| Untracked 
| 201|0x00000000c7d00000, 0x00000000c7d00000, 0x00000000c7e00000|  0%| F|  |TAMS 0x00000000c7d00000| PB 0x00000000c7d00000| Untracked 
| 202|0x00000000c7e00000, 0x00000000c7e00000, 0x00000000c7f00000|  0%| F|  |TAMS 0x00000000c7e00000| PB 0x00000000c7e00000| Untracked 
| 203|0x00000000c7f00000, 0x00000000c7f00000, 0x00000000c8000000|  0%| F|  |TAMS 0x00000000c7f00000| PB 0x00000000c7f00000| Untracked 
| 204|0x00000000c8000000, 0x00000000c8000000, 0x00000000c8100000|  0%| F|  |TAMS 0x00000000c8000000| PB 0x00000000c8000000| Untracked 
| 205|0x00000000c8100000, 0x00000000c8100000, 0x00000000c8200000|  0%| F|  |TAMS 0x00000000c8100000| PB 0x00000000c8100000| Untracked 
| 206|0x00000000c8200000, 0x00000000c8200000, 0x00000000c8300000|  0%| F|  |TAMS 0x00000000c8200000| PB 0x00000000c8200000| Untracked 
| 207|0x00000000c8300000, 0x00000000c8300000, 0x00000000c8400000|  0%| F|  |TAMS 0x00000000c8300000| PB 0x00000000c8300000| Untracked 
| 208|0x00000000c8400000, 0x00000000c8400000, 0x00000000c8500000|  0%| F|  |TAMS 0x00000000c8400000| PB 0x00000000c8400000| Untracked 
| 209|0x00000000c8500000, 0x00000000c8500000, 0x00000000c8600000|  0%| F|  |TAMS 0x00000000c8500000| PB 0x00000000c8500000| Untracked 
| 210|0x00000000c8600000, 0x00000000c8600000, 0x00000000c8700000|  0%| F|  |TAMS 0x00000000c8600000| PB 0x00000000c8600000| Untracked 
| 211|0x00000000c8700000, 0x00000000c8700000, 0x00000000c8800000|  0%| F|  |TAMS 0x00000000c8700000| PB 0x00000000c8700000| Untracked 
| 212|0x00000000c8800000, 0x00000000c8800000, 0x00000000c8900000|  0%| F|  |TAMS 0x00000000c8800000| PB 0x00000000c8800000| Untracked 
| 213|0x00000000c8900000, 0x00000000c8900000, 0x00000000c8a00000|  0%| F|  |TAMS 0x00000000c8900000| PB 0x00000000c8900000| Untracked 
| 214|0x00000000c8a00000, 0x00000000c8a00000, 0x00000000c8b00000|  0%| F|  |TAMS 0x00000000c8a00000| PB 0x00000000c8a00000| Untracked 
| 215|0x00000000c8b00000, 0x00000000c8b00000, 0x00000000c8c00000|  0%| F|  |TAMS 0x00000000c8b00000| PB 0x00000000c8b00000| Untracked 
| 216|0x00000000c8c00000, 0x00000000c8c00000, 0x00000000c8d00000|  0%| F|  |TAMS 0x00000000c8c00000| PB 0x00000000c8c00000| Untracked 
| 217|0x00000000c8d00000, 0x00000000c8d00000, 0x00000000c8e00000|  0%| F|  |TAMS 0x00000000c8d00000| PB 0x00000000c8d00000| Untracked 
| 218|0x00000000c8e00000, 0x00000000c8e00000, 0x00000000c8f00000|  0%| F|  |TAMS 0x00000000c8e00000| PB 0x00000000c8e00000| Untracked 
| 219|0x00000000c8f00000, 0x00000000c8f00000, 0x00000000c9000000|  0%| F|  |TAMS 0x00000000c8f00000| PB 0x00000000c8f00000| Untracked 
| 220|0x00000000c9000000, 0x00000000c9000000, 0x00000000c9100000|  0%| F|  |TAMS 0x00000000c9000000| PB 0x00000000c9000000| Untracked 
| 221|0x00000000c9100000, 0x00000000c9100000, 0x00000000c9200000|  0%| F|  |TAMS 0x00000000c9100000| PB 0x00000000c9100000| Untracked 
| 222|0x00000000c9200000, 0x00000000c9200000, 0x00000000c9300000|  0%| F|  |TAMS 0x00000000c9200000| PB 0x00000000c9200000| Untracked 
| 223|0x00000000c9300000, 0x00000000c9300000, 0x00000000c9400000|  0%| F|  |TAMS 0x00000000c9300000| PB 0x00000000c9300000| Untracked 
| 224|0x00000000c9400000, 0x00000000c9400000, 0x00000000c9500000|  0%| F|  |TAMS 0x00000000c9400000| PB 0x00000000c9400000| Untracked 
| 225|0x00000000c9500000, 0x00000000c9500000, 0x00000000c9600000|  0%| F|  |TAMS 0x00000000c9500000| PB 0x00000000c9500000| Untracked 
| 226|0x00000000c9600000, 0x00000000c9600000, 0x00000000c9700000|  0%| F|  |TAMS 0x00000000c9600000| PB 0x00000000c9600000| Untracked 
| 227|0x00000000c9700000, 0x00000000c9700000, 0x00000000c9800000|  0%| F|  |TAMS 0x00000000c9700000| PB 0x00000000c9700000| Untracked 
| 228|0x00000000c9800000, 0x00000000c9800000, 0x00000000c9900000|  0%| F|  |TAMS 0x00000000c9800000| PB 0x00000000c9800000| Untracked 
| 229|0x00000000c9900000, 0x00000000c9900000, 0x00000000c9a00000|  0%| F|  |TAMS 0x00000000c9900000| PB 0x00000000c9900000| Untracked 
| 230|0x00000000c9a00000, 0x00000000c9a00000, 0x00000000c9b00000|  0%| F|  |TAMS 0x00000000c9a00000| PB 0x00000000c9a00000| Untracked 
| 231|0x00000000c9b00000, 0x00000000c9b00000, 0x00000000c9c00000|  0%| F|  |TAMS 0x00000000c9b00000| PB 0x00000000c9b00000| Untracked 
| 232|0x00000000c9c00000, 0x00000000c9c00000, 0x00000000c9d00000|  0%| F|  |TAMS 0x00000000c9c00000| PB 0x00000000c9c00000| Untracked 
| 233|0x00000000c9d00000, 0x00000000c9d00000, 0x00000000c9e00000|  0%| F|  |TAMS 0x00000000c9d00000| PB 0x00000000c9d00000| Untracked 
| 234|0x00000000c9e00000, 0x00000000c9e00000, 0x00000000c9f00000|  0%| F|  |TAMS 0x00000000c9e00000| PB 0x00000000c9e00000| Untracked 
| 235|0x00000000c9f00000, 0x00000000c9f00000, 0x00000000ca000000|  0%| F|  |TAMS 0x00000000c9f00000| PB 0x00000000c9f00000| Untracked 
| 236|0x00000000ca000000, 0x00000000ca000000, 0x00000000ca100000|  0%| F|  |TAMS 0x00000000ca000000| PB 0x00000000ca000000| Untracked 
| 237|0x00000000ca100000, 0x00000000ca100000, 0x00000000ca200000|  0%| F|  |TAMS 0x00000000ca100000| PB 0x00000000ca100000| Untracked 
| 238|0x00000000ca200000, 0x00000000ca200000, 0x00000000ca300000|  0%| F|  |TAMS 0x00000000ca200000| PB 0x00000000ca200000| Untracked 
| 239|0x00000000ca300000, 0x00000000ca300000, 0x00000000ca400000|  0%| F|  |TAMS 0x00000000ca300000| PB 0x00000000ca300000| Untracked 
| 240|0x00000000ca400000, 0x00000000ca400000, 0x00000000ca500000|  0%| F|  |TAMS 0x00000000ca400000| PB 0x00000000ca400000| Untracked 
| 241|0x00000000ca500000, 0x00000000ca500000, 0x00000000ca600000|  0%| F|  |TAMS 0x00000000ca500000| PB 0x00000000ca500000| Untracked 
| 242|0x00000000ca600000, 0x00000000ca600000, 0x00000000ca700000|  0%| F|  |TAMS 0x00000000ca600000| PB 0x00000000ca600000| Untracked 
| 243|0x00000000ca700000, 0x00000000ca700000, 0x00000000ca800000|  0%| F|  |TAMS 0x00000000ca700000| PB 0x00000000ca700000| Untracked 
| 244|0x00000000ca800000, 0x00000000ca800000, 0x00000000ca900000|  0%| F|  |TAMS 0x00000000ca800000| PB 0x00000000ca800000| Untracked 
| 245|0x00000000ca900000, 0x00000000ca900000, 0x00000000caa00000|  0%| F|  |TAMS 0x00000000ca900000| PB 0x00000000ca900000| Untracked 
| 246|0x00000000caa00000, 0x00000000caa00000, 0x00000000cab00000|  0%| F|  |TAMS 0x00000000caa00000| PB 0x00000000caa00000| Untracked 
| 247|0x00000000cab00000, 0x00000000cab00000, 0x00000000cac00000|  0%| F|  |TAMS 0x00000000cab00000| PB 0x00000000cab00000| Untracked 
| 248|0x00000000cac00000, 0x00000000cac00000, 0x00000000cad00000|  0%| F|  |TAMS 0x00000000cac00000| PB 0x00000000cac00000| Untracked 
| 249|0x00000000cad00000, 0x00000000cad00000, 0x00000000cae00000|  0%| F|  |TAMS 0x00000000cad00000| PB 0x00000000cad00000| Untracked 
| 250|0x00000000cae00000, 0x00000000cae00000, 0x00000000caf00000|  0%| F|  |TAMS 0x00000000cae00000| PB 0x00000000cae00000| Untracked 
| 251|0x00000000caf00000, 0x00000000caf00000, 0x00000000cb000000|  0%| F|  |TAMS 0x00000000caf00000| PB 0x00000000caf00000| Untracked 
| 252|0x00000000cb000000, 0x00000000cb000000, 0x00000000cb100000|  0%| F|  |TAMS 0x00000000cb000000| PB 0x00000000cb000000| Untracked 
| 253|0x00000000cb100000, 0x00000000cb100000, 0x00000000cb200000|  0%| F|  |TAMS 0x00000000cb100000| PB 0x00000000cb100000| Untracked 
| 254|0x00000000cb200000, 0x00000000cb200000, 0x00000000cb300000|  0%| F|  |TAMS 0x00000000cb200000| PB 0x00000000cb200000| Untracked 
| 255|0x00000000cb300000, 0x00000000cb300000, 0x00000000cb400000|  0%| F|  |TAMS 0x00000000cb300000| PB 0x00000000cb300000| Untracked 
| 256|0x00000000cb400000, 0x00000000cb400000, 0x00000000cb500000|  0%| F|  |TAMS 0x00000000cb400000| PB 0x00000000cb400000| Untracked 
| 257|0x00000000cb500000, 0x00000000cb500000, 0x00000000cb600000|  0%| F|  |TAMS 0x00000000cb500000| PB 0x00000000cb500000| Untracked 
| 258|0x00000000cb600000, 0x00000000cb600000, 0x00000000cb700000|  0%| F|  |TAMS 0x00000000cb600000| PB 0x00000000cb600000| Untracked 
| 259|0x00000000cb700000, 0x00000000cb700000, 0x00000000cb800000|  0%| F|  |TAMS 0x00000000cb700000| PB 0x00000000cb700000| Untracked 
| 260|0x00000000cb800000, 0x00000000cb800000, 0x00000000cb900000|  0%| F|  |TAMS 0x00000000cb800000| PB 0x00000000cb800000| Untracked 
| 261|0x00000000cb900000, 0x00000000cb900000, 0x00000000cba00000|  0%| F|  |TAMS 0x00000000cb900000| PB 0x00000000cb900000| Untracked 
| 262|0x00000000cba00000, 0x00000000cba00000, 0x00000000cbb00000|  0%| F|  |TAMS 0x00000000cba00000| PB 0x00000000cba00000| Untracked 
| 263|0x00000000cbb00000, 0x00000000cbb00000, 0x00000000cbc00000|  0%| F|  |TAMS 0x00000000cbb00000| PB 0x00000000cbb00000| Untracked 
| 264|0x00000000cbc00000, 0x00000000cbc00000, 0x00000000cbd00000|  0%| F|  |TAMS 0x00000000cbc00000| PB 0x00000000cbc00000| Untracked 
| 265|0x00000000cbd00000, 0x00000000cbd00000, 0x00000000cbe00000|  0%| F|  |TAMS 0x00000000cbd00000| PB 0x00000000cbd00000| Untracked 
| 266|0x00000000cbe00000, 0x00000000cbe00000, 0x00000000cbf00000|  0%| F|  |TAMS 0x00000000cbe00000| PB 0x00000000cbe00000| Untracked 
| 267|0x00000000cbf00000, 0x00000000cbf00000, 0x00000000cc000000|  0%| F|  |TAMS 0x00000000cbf00000| PB 0x00000000cbf00000| Untracked 
| 268|0x00000000cc000000, 0x00000000cc000000, 0x00000000cc100000|  0%| F|  |TAMS 0x00000000cc000000| PB 0x00000000cc000000| Untracked 
| 269|0x00000000cc100000, 0x00000000cc100000, 0x00000000cc200000|  0%| F|  |TAMS 0x00000000cc100000| PB 0x00000000cc100000| Untracked 
| 270|0x00000000cc200000, 0x00000000cc200000, 0x00000000cc300000|  0%| F|  |TAMS 0x00000000cc200000| PB 0x00000000cc200000| Untracked 
| 271|0x00000000cc300000, 0x00000000cc300000, 0x00000000cc400000|  0%| F|  |TAMS 0x00000000cc300000| PB 0x00000000cc300000| Untracked 
| 272|0x00000000cc400000, 0x00000000cc400000, 0x00000000cc500000|  0%| F|  |TAMS 0x00000000cc400000| PB 0x00000000cc400000| Untracked 
| 273|0x00000000cc500000, 0x00000000cc500000, 0x00000000cc600000|  0%| F|  |TAMS 0x00000000cc500000| PB 0x00000000cc500000| Untracked 
| 274|0x00000000cc600000, 0x00000000cc600000, 0x00000000cc700000|  0%| F|  |TAMS 0x00000000cc600000| PB 0x00000000cc600000| Untracked 
| 275|0x00000000cc700000, 0x00000000cc700000, 0x00000000cc800000|  0%| F|  |TAMS 0x00000000cc700000| PB 0x00000000cc700000| Untracked 
| 276|0x00000000cc800000, 0x00000000cc900000, 0x00000000cc900000|100%| S|CS|TAMS 0x00000000cc800000| PB 0x00000000cc800000| Complete 
| 277|0x00000000cc900000, 0x00000000cca00000, 0x00000000cca00000|100%| S|CS|TAMS 0x00000000cc900000| PB 0x00000000cc900000| Complete 
| 278|0x00000000cca00000, 0x00000000ccb00000, 0x00000000ccb00000|100%| S|CS|TAMS 0x00000000cca00000| PB 0x00000000cca00000| Complete 
| 279|0x00000000ccb00000, 0x00000000ccc00000, 0x00000000ccc00000|100%| S|CS|TAMS 0x00000000ccb00000| PB 0x00000000ccb00000| Complete 
| 280|0x00000000ccc00000, 0x00000000ccd00000, 0x00000000ccd00000|100%| S|CS|TAMS 0x00000000ccc00000| PB 0x00000000ccc00000| Complete 
| 281|0x00000000ccd00000, 0x00000000cce00000, 0x00000000cce00000|100%| S|CS|TAMS 0x00000000ccd00000| PB 0x00000000ccd00000| Complete 
| 282|0x00000000cce00000, 0x00000000ccf00000, 0x00000000ccf00000|100%| S|CS|TAMS 0x00000000cce00000| PB 0x00000000cce00000| Complete 
| 283|0x00000000ccf00000, 0x00000000cd000000, 0x00000000cd000000|100%| S|CS|TAMS 0x00000000ccf00000| PB 0x00000000ccf00000| Complete 
| 284|0x00000000cd000000, 0x00000000cd000000, 0x00000000cd100000|  0%| F|  |TAMS 0x00000000cd000000| PB 0x00000000cd000000| Untracked 
| 285|0x00000000cd100000, 0x00000000cd100000, 0x00000000cd200000|  0%| F|  |TAMS 0x00000000cd100000| PB 0x00000000cd100000| Untracked 
| 286|0x00000000cd200000, 0x00000000cd200000, 0x00000000cd300000|  0%| F|  |TAMS 0x00000000cd200000| PB 0x00000000cd200000| Untracked 
| 287|0x00000000cd300000, 0x00000000cd300000, 0x00000000cd400000|  0%| F|  |TAMS 0x00000000cd300000| PB 0x00000000cd300000| Untracked 
| 288|0x00000000cd400000, 0x00000000cd400000, 0x00000000cd500000|  0%| F|  |TAMS 0x00000000cd400000| PB 0x00000000cd400000| Untracked 
| 289|0x00000000cd500000, 0x00000000cd500000, 0x00000000cd600000|  0%| F|  |TAMS 0x00000000cd500000| PB 0x00000000cd500000| Untracked 
| 290|0x00000000cd600000, 0x00000000cd600000, 0x00000000cd700000|  0%| F|  |TAMS 0x00000000cd600000| PB 0x00000000cd600000| Untracked 
| 291|0x00000000cd700000, 0x00000000cd700000, 0x00000000cd800000|  0%| F|  |TAMS 0x00000000cd700000| PB 0x00000000cd700000| Untracked 
| 292|0x00000000cd800000, 0x00000000cd800000, 0x00000000cd900000|  0%| F|  |TAMS 0x00000000cd800000| PB 0x00000000cd800000| Untracked 
| 293|0x00000000cd900000, 0x00000000cd900000, 0x00000000cda00000|  0%| F|  |TAMS 0x00000000cd900000| PB 0x00000000cd900000| Untracked 
| 294|0x00000000cda00000, 0x00000000cda00000, 0x00000000cdb00000|  0%| F|  |TAMS 0x00000000cda00000| PB 0x00000000cda00000| Untracked 
| 295|0x00000000cdb00000, 0x00000000cdb00000, 0x00000000cdc00000|  0%| F|  |TAMS 0x00000000cdb00000| PB 0x00000000cdb00000| Untracked 
| 296|0x00000000cdc00000, 0x00000000cdccd0a0, 0x00000000cdd00000| 80%| E|  |TAMS 0x00000000cdc00000| PB 0x00000000cdc00000| Complete 
| 297|0x00000000cdd00000, 0x00000000cde00000, 0x00000000cde00000|100%| E|CS|TAMS 0x00000000cdd00000| PB 0x00000000cdd00000| Complete 
| 298|0x00000000cde00000, 0x00000000cdf00000, 0x00000000cdf00000|100%| E|CS|TAMS 0x00000000cde00000| PB 0x00000000cde00000| Complete 
| 299|0x00000000cdf00000, 0x00000000ce000000, 0x00000000ce000000|100%| E|CS|TAMS 0x00000000cdf00000| PB 0x00000000cdf00000| Complete 
| 300|0x00000000ce000000, 0x00000000ce100000, 0x00000000ce100000|100%| E|CS|TAMS 0x00000000ce000000| PB 0x00000000ce000000| Complete 
| 301|0x00000000ce100000, 0x00000000ce200000, 0x00000000ce200000|100%| E|CS|TAMS 0x00000000ce100000| PB 0x00000000ce100000| Complete 
| 302|0x00000000ce200000, 0x00000000ce300000, 0x00000000ce300000|100%| E|CS|TAMS 0x00000000ce200000| PB 0x00000000ce200000| Complete 
| 303|0x00000000ce300000, 0x00000000ce400000, 0x00000000ce400000|100%| E|CS|TAMS 0x00000000ce300000| PB 0x00000000ce300000| Complete 
| 304|0x00000000ce400000, 0x00000000ce500000, 0x00000000ce500000|100%| E|CS|TAMS 0x00000000ce400000| PB 0x00000000ce400000| Complete 
| 305|0x00000000ce500000, 0x00000000ce600000, 0x00000000ce600000|100%| E|CS|TAMS 0x00000000ce500000| PB 0x00000000ce500000| Complete 
| 306|0x00000000ce600000, 0x00000000ce700000, 0x00000000ce700000|100%| E|CS|TAMS 0x00000000ce600000| PB 0x00000000ce600000| Complete 
| 307|0x00000000ce700000, 0x00000000ce800000, 0x00000000ce800000|100%| E|CS|TAMS 0x00000000ce700000| PB 0x00000000ce700000| Complete 
| 308|0x00000000ce800000, 0x00000000ce900000, 0x00000000ce900000|100%| E|CS|TAMS 0x00000000ce800000| PB 0x00000000ce800000| Complete 
| 309|0x00000000ce900000, 0x00000000cea00000, 0x00000000cea00000|100%| E|CS|TAMS 0x00000000ce900000| PB 0x00000000ce900000| Complete 
| 310|0x00000000cea00000, 0x00000000ceb00000, 0x00000000ceb00000|100%| E|CS|TAMS 0x00000000cea00000| PB 0x00000000cea00000| Complete 
|1001|0x00000000f9d00000, 0x00000000f9e00000, 0x00000000f9e00000|100%| E|CS|TAMS 0x00000000f9d00000| PB 0x00000000f9d00000| Complete 
|1002|0x00000000f9e00000, 0x00000000f9f00000, 0x00000000f9f00000|100%| E|CS|TAMS 0x00000000f9e00000| PB 0x00000000f9e00000| Complete 
|1003|0x00000000f9f00000, 0x00000000fa000000, 0x00000000fa000000|100%| E|CS|TAMS 0x00000000f9f00000| PB 0x00000000f9f00000| Complete 
|1004|0x00000000fa000000, 0x00000000fa100000, 0x00000000fa100000|100%| E|CS|TAMS 0x00000000fa000000| PB 0x00000000fa000000| Complete 
|1005|0x00000000fa100000, 0x00000000fa200000, 0x00000000fa200000|100%| E|CS|TAMS 0x00000000fa100000| PB 0x00000000fa100000| Complete 
|1006|0x00000000fa200000, 0x00000000fa300000, 0x00000000fa300000|100%| E|CS|TAMS 0x00000000fa200000| PB 0x00000000fa200000| Complete 
|1007|0x00000000fa300000, 0x00000000fa400000, 0x00000000fa400000|100%| E|CS|TAMS 0x00000000fa300000| PB 0x00000000fa300000| Complete 
|1008|0x00000000fa400000, 0x00000000fa500000, 0x00000000fa500000|100%| E|CS|TAMS 0x00000000fa400000| PB 0x00000000fa400000| Complete 
|1009|0x00000000fa500000, 0x00000000fa600000, 0x00000000fa600000|100%| E|CS|TAMS 0x00000000fa500000| PB 0x00000000fa500000| Complete 
|1010|0x00000000fa600000, 0x00000000fa700000, 0x00000000fa700000|100%| E|CS|TAMS 0x00000000fa600000| PB 0x00000000fa600000| Complete 
|1011|0x00000000fa700000, 0x00000000fa800000, 0x00000000fa800000|100%| E|CS|TAMS 0x00000000fa700000| PB 0x00000000fa700000| Complete 
|1012|0x00000000fa800000, 0x00000000fa900000, 0x00000000fa900000|100%| E|CS|TAMS 0x00000000fa800000| PB 0x00000000fa800000| Complete 
|1071|0x00000000fe300000, 0x00000000fe400000, 0x00000000fe400000|100%| O|  |TAMS 0x00000000fe300000| PB 0x00000000fe300000| Untracked 
|1072|0x00000000fe400000, 0x00000000fe500000, 0x00000000fe500000|100%| O|Cm|TAMS 0x00000000fe400000| PB 0x00000000fe400000| Complete 
|1073|0x00000000fe500000, 0x00000000fe600000, 0x00000000fe600000|100%| O|Cm|TAMS 0x00000000fe500000| PB 0x00000000fe500000| Complete 
|1074|0x00000000fe600000, 0x00000000fe700000, 0x00000000fe700000|100%| O|  |TAMS 0x00000000fe600000| PB 0x00000000fe600000| Untracked 
|1075|0x00000000fe700000, 0x00000000fe800000, 0x00000000fe800000|100%| O|  |TAMS 0x00000000fe700000| PB 0x00000000fe700000| Untracked 
|1076|0x00000000fe800000, 0x00000000fe900000, 0x00000000fe900000|100%| O|  |TAMS 0x00000000fe800000| PB 0x00000000fe800000| Untracked 
|1077|0x00000000fe900000, 0x00000000fea00000, 0x00000000fea00000|100%| O|  |TAMS 0x00000000fe900000| PB 0x00000000fe900000| Untracked 
|1078|0x00000000fea00000, 0x00000000feb00000, 0x00000000feb00000|100%| O|  |TAMS 0x00000000fea00000| PB 0x00000000fea00000| Untracked 
|1079|0x00000000feb00000, 0x00000000fec00000, 0x00000000fec00000|100%| O|  |TAMS 0x00000000feb00000| PB 0x00000000feb00000| Untracked 
|1080|0x00000000fec00000, 0x00000000fed00000, 0x00000000fed00000|100%| O|  |TAMS 0x00000000fec00000| PB 0x00000000fec00000| Untracked 
|1081|0x00000000fed00000, 0x00000000fee00000, 0x00000000fee00000|100%| O|  |TAMS 0x00000000fed00000| PB 0x00000000fed00000| Untracked 
|1082|0x00000000fee00000, 0x00000000fef00000, 0x00000000fef00000|100%| O|  |TAMS 0x00000000fee00000| PB 0x00000000fee00000| Untracked 
|1083|0x00000000fef00000, 0x00000000ff000000, 0x00000000ff000000|100%| O|  |TAMS 0x00000000fef00000| PB 0x00000000fef00000| Untracked 
|1084|0x00000000ff000000, 0x00000000ff100000, 0x00000000ff100000|100%| O|  |TAMS 0x00000000ff000000| PB 0x00000000ff000000| Untracked 
|1085|0x00000000ff100000, 0x00000000ff200000, 0x00000000ff200000|100%| O|  |TAMS 0x00000000ff100000| PB 0x00000000ff100000| Untracked 
|1086|0x00000000ff200000, 0x00000000ff300000, 0x00000000ff300000|100%| O|  |TAMS 0x00000000ff200000| PB 0x00000000ff200000| Untracked 
|1087|0x00000000ff300000, 0x00000000ff400000, 0x00000000ff400000|100%| O|  |TAMS 0x00000000ff300000| PB 0x00000000ff300000| Untracked 
|1088|0x00000000ff400000, 0x00000000ff500000, 0x00000000ff500000|100%| O|  |TAMS 0x00000000ff400000| PB 0x00000000ff400000| Untracked 
|1089|0x00000000ff500000, 0x00000000ff600000, 0x00000000ff600000|100%| O|  |TAMS 0x00000000ff500000| PB 0x00000000ff500000| Untracked 
|1090|0x00000000ff600000, 0x00000000ff700000, 0x00000000ff700000|100%| O|  |TAMS 0x00000000ff600000| PB 0x00000000ff600000| Untracked 
|1091|0x00000000ff700000, 0x00000000ff800000, 0x00000000ff800000|100%| O|  |TAMS 0x00000000ff700000| PB 0x00000000ff700000| Untracked 
|1092|0x00000000ff800000, 0x00000000ff900000, 0x00000000ff900000|100%| O|  |TAMS 0x00000000ff800000| PB 0x00000000ff800000| Untracked 
|1093|0x00000000ff900000, 0x00000000ffa00000, 0x00000000ffa00000|100%| O|  |TAMS 0x00000000ff900000| PB 0x00000000ff900000| Untracked 
|1094|0x00000000ffa00000, 0x00000000ffb00000, 0x00000000ffb00000|100%| O|  |TAMS 0x00000000ffa00000| PB 0x00000000ffa00000| Untracked 
|1095|0x00000000ffb00000, 0x00000000ffc00000, 0x00000000ffc00000|100%| E|CS|TAMS 0x00000000ffb00000| PB 0x00000000ffb00000| Complete 
|1096|0x00000000ffc00000, 0x00000000ffd00000, 0x00000000ffd00000|100%| E|CS|TAMS 0x00000000ffc00000| PB 0x00000000ffc00000| Complete 
|1097|0x00000000ffd00000, 0x00000000ffe00000, 0x00000000ffe00000|100%| E|CS|TAMS 0x00000000ffd00000| PB 0x00000000ffd00000| Complete 
|1098|0x00000000ffe00000, 0x00000000fff00000, 0x00000000fff00000|100%| E|CS|TAMS 0x00000000ffe00000| PB 0x00000000ffe00000| Complete 
|1099|0x00000000fff00000, 0x0000000100000000, 0x0000000100000000|100%| E|CS|TAMS 0x00000000fff00000| PB 0x00000000fff00000| Complete 

Card table byte_map: [0x000002756cc30000,0x000002756ce60000] _byte_map_base: 0x000002756c656000

Marking Bits: (CMBitMap*) 0x00000275547b5950
 Bits: [0x000002756ce60000, 0x000002756df90000)

Polling page: 0x0000027552660000

Metaspace:

Usage:
  Non-class:    130.75 MB used.
      Class:     20.35 MB used.
       Both:    151.10 MB used.

Virtual space:
  Non-class space:      192.00 MB reserved,     132.06 MB ( 69%) committed,  3 nodes.
      Class space:        1.00 GB reserved,      21.56 MB (  2%) committed,  1 nodes.
             Both:        1.19 GB reserved,     153.62 MB ( 13%) committed. 

Chunk freelists:
   Non-Class:  11.42 MB
       Class:  10.33 MB
        Both:  21.75 MB

MaxMetaspaceSize: unlimited
CompressedClassSpaceSize: 1.00 GB
Initial GC threshold: 21.00 MB
Current GC threshold: 252.19 MB
CDS: on
 - commit_granule_bytes: 65536.
 - commit_granule_words: 8192.
 - virtual_space_node_default_size: 8388608.
 - enlarge_chunks_in_place: 1.
 - use_allocation_guard: 0.


Internal statistics:

num_allocs_failed_limit: 6.
num_arena_births: 4682.
num_arena_deaths: 40.
num_vsnodes_births: 4.
num_vsnodes_deaths: 0.
num_space_committed: 2457.
num_space_uncommitted: 1.
num_chunks_returned_to_freelist: 81.
num_chunks_taken_from_freelist: 12057.
num_chunk_merges: 31.
num_chunk_splits: 7718.
num_chunks_enlarged: 4572.
num_inconsistent_stats: 0.

CodeHeap 'non-profiled nmethods': size=119168Kb used=9189Kb max_used=9640Kb free=109978Kb
 bounds [0x00000275647c0000, 0x0000027565140000, 0x000002756bc20000]
CodeHeap 'profiled nmethods': size=119104Kb used=28644Kb max_used=28779Kb free=90459Kb
 bounds [0x000002755cc20000, 0x000002755e880000, 0x0000027564070000]
CodeHeap 'non-nmethods': size=7488Kb used=4348Kb max_used=4437Kb free=3140Kb
 bounds [0x0000027564070000, 0x00000275644e0000, 0x00000275647c0000]
 total_blobs=15676 nmethods=14642 adapters=933
 compilation: enabled
              stopped_count=0, restarted_count=0
 full_count=0

Compilation events (20 events):
Event: 110.493 Thread 0x0000027571849dc0 nmethod 20248 0x000002755da43690 code [0x000002755da43840, 0x000002755da439d0]
Event: 110.493 Thread 0x00000275786dab50 nmethod 20247 0x000002755da43190 code [0x000002755da43360, 0x000002755da43550]
Event: 110.493 Thread 0x000002757acb6c90 nmethod 20246 0x000002755d0b8310 code [0x000002755d0b84c0, 0x000002755d0b8640]
Event: 110.493 Thread 0x000002757acb87d0 20250       2       com.android.tools.r8.dex.k::a (16 bytes)
Event: 110.494 Thread 0x000002757acb6c90 20251       2       com.android.tools.r8.dex.k$$Lambda/0x0000027502433bb8::accept (12 bytes)
Event: 110.494 Thread 0x00000275786dab50 20252 %     3       com.android.tools.r8.graph.J0::c @ 10 (161 bytes)
Event: 110.494 Thread 0x0000027571849dc0 20253       3       com.android.tools.r8.dex.k$$Lambda/0x0000027502438000::test (8 bytes)
Event: 110.494 Thread 0x0000027571849dc0 nmethod 20253 0x000002755d0b7d90 code [0x000002755d0b7f40, 0x000002755d0b8208]
Event: 110.494 Thread 0x00000275786dab50 nmethod 20252% 0x000002755d0b7690 code [0x000002755d0b7860, 0x000002755d0b7bd0]
Event: 110.495 Thread 0x000002757acb87d0 nmethod 20250 0x000002755d0b6c90 code [0x000002755d0b6ea0, 0x000002755d0b7368]
Event: 110.495 Thread 0x0000027571849dc0 20254       3       com.android.tools.r8.dex.k$$Lambda/0x0000027502433de0::accept (8 bytes)
Event: 110.495 Thread 0x000002757acb6c90 nmethod 20251 0x000002755d0b6210 code [0x000002755d0b6420, 0x000002755d0b6930]
Event: 110.495 Thread 0x00000275786dab50 20256       3       com.android.tools.r8.graph.J0::c (161 bytes)
Event: 110.495 Thread 0x0000027571849dc0 nmethod 20254 0x000002755d0b5790 code [0x000002755d0b5980, 0x000002755d0b5fd8]
Event: 110.496 Thread 0x00000275786dab50 nmethod 20256 0x000002755d0b5190 code [0x000002755d0b5340, 0x000002755d0b55f8]
Event: 110.500 Thread 0x000002757c45f260 20237       4       java.lang.Iterable::forEach (39 bytes)
Event: 110.502 Thread 0x000002757acb6c90 20266       3       com.android.tools.r8.dex.k$$Lambda/0x0000027502433bb8::accept (12 bytes)
Event: 110.503 Thread 0x000002757c45f260 nmethod 20237 0x0000027564ab9b90 code [0x0000027564ab9d40, 0x0000027564ab9eb8]
Event: 110.504 Thread 0x000002757c45f260 20261   !   4       java.util.concurrent.ForkJoinPool$WorkQueue::push (209 bytes)
Event: 110.504 Thread 0x000002757acb6c90 nmethod 20266 0x000002755e15b910 code [0x000002755e15bc60, 0x000002755e15d228]

GC Heap History (20 events):
Event: 105.537 GC heap before
{Heap before GC invocations=40 (full 0):
 garbage-first heap   total 203776K, used 182420K [0x00000000bb400000, 0x0000000100000000)
  region size 1024K, 67 young (68608K), 9 survivors (9216K)
 Metaspace       used 106438K, committed 108800K, reserved 1179648K
  class space    used 14628K, committed 15808K, reserved 1048576K
}
Event: 105.543 GC heap after
{Heap after GC invocations=41 (full 0):
 garbage-first heap   total 203776K, used 121419K [0x00000000bb400000, 0x0000000100000000)
  region size 1024K, 8 young (8192K), 8 survivors (8192K)
 Metaspace       used 106438K, committed 108800K, reserved 1179648K
  class space    used 14628K, committed 15808K, reserved 1048576K
}
Event: 107.065 GC heap before
{Heap before GC invocations=41 (full 0):
 garbage-first heap   total 203776K, used 186955K [0x00000000bb400000, 0x0000000100000000)
  region size 1024K, 67 young (68608K), 8 survivors (8192K)
 Metaspace       used 115038K, committed 117440K, reserved 1179648K
  class space    used 15673K, committed 16896K, reserved 1048576K
}
Event: 107.073 GC heap after
{Heap after GC invocations=42 (full 0):
 garbage-first heap   total 205824K, used 128802K [0x00000000bb400000, 0x0000000100000000)
  region size 1024K, 9 young (9216K), 9 survivors (9216K)
 Metaspace       used 115038K, committed 117440K, reserved 1179648K
  class space    used 15673K, committed 16896K, reserved 1048576K
}
Event: 107.448 GC heap before
{Heap before GC invocations=42 (full 0):
 garbage-first heap   total 205824K, used 149282K [0x00000000bb400000, 0x0000000100000000)
  region size 1024K, 31 young (31744K), 9 survivors (9216K)
 Metaspace       used 116033K, committed 118528K, reserved 1179648K
  class space    used 15781K, committed 17024K, reserved 1048576K
}
Event: 107.453 GC heap after
{Heap after GC invocations=43 (full 0):
 garbage-first heap   total 205824K, used 128805K [0x00000000bb400000, 0x0000000100000000)
  region size 1024K, 3 young (3072K), 3 survivors (3072K)
 Metaspace       used 116033K, committed 118528K, reserved 1179648K
  class space    used 15781K, committed 17024K, reserved 1048576K
}
Event: 108.026 GC heap before
{Heap before GC invocations=44 (full 0):
 garbage-first heap   total 235520K, used 193317K [0x00000000bb400000, 0x0000000100000000)
  region size 1024K, 58 young (59392K), 3 survivors (3072K)
 Metaspace       used 122796K, committed 125312K, reserved 1179648K
  class space    used 16467K, committed 17728K, reserved 1048576K
}
Event: 108.030 GC heap after
{Heap after GC invocations=45 (full 0):
 garbage-first heap   total 235520K, used 139519K [0x00000000bb400000, 0x0000000100000000)
  region size 1024K, 6 young (6144K), 6 survivors (6144K)
 Metaspace       used 122796K, committed 125312K, reserved 1179648K
  class space    used 16467K, committed 17728K, reserved 1048576K
}
Event: 108.542 GC heap before
{Heap before GC invocations=45 (full 0):
 garbage-first heap   total 235520K, used 209151K [0x00000000bb400000, 0x0000000100000000)
  region size 1024K, 75 young (76800K), 6 survivors (6144K)
 Metaspace       used 134671K, committed 137152K, reserved 1179648K
  class space    used 18007K, committed 19264K, reserved 1048576K
}
Event: 108.548 GC heap after
{Heap after GC invocations=46 (full 0):
 garbage-first heap   total 235520K, used 139924K [0x00000000bb400000, 0x0000000100000000)
  region size 1024K, 6 young (6144K), 6 survivors (6144K)
 Metaspace       used 134671K, committed 137152K, reserved 1179648K
  class space    used 18007K, committed 19264K, reserved 1048576K
}
Event: 108.779 GC heap before
{Heap before GC invocations=46 (full 0):
 garbage-first heap   total 235520K, used 165524K [0x00000000bb400000, 0x0000000100000000)
  region size 1024K, 33 young (33792K), 6 survivors (6144K)
 Metaspace       used 139320K, committed 141824K, reserved 1179648K
  class space    used 18668K, committed 19904K, reserved 1048576K
}
Event: 108.785 GC heap after
{Heap after GC invocations=47 (full 0):
 garbage-first heap   total 235520K, used 141802K [0x00000000bb400000, 0x0000000100000000)
  region size 1024K, 4 young (4096K), 4 survivors (4096K)
 Metaspace       used 139320K, committed 141824K, reserved 1179648K
  class space    used 18668K, committed 19904K, reserved 1048576K
}
Event: 109.448 GC heap before
{Heap before GC invocations=48 (full 0):
 garbage-first heap   total 244736K, used 215530K [0x00000000bb400000, 0x0000000100000000)
  region size 1024K, 76 young (77824K), 4 survivors (4096K)
 Metaspace       used 147759K, committed 150336K, reserved 1179648K
  class space    used 19843K, committed 21120K, reserved 1048576K
}
Event: 109.454 GC heap after
{Heap after GC invocations=49 (full 0):
 garbage-first heap   total 244736K, used 145397K [0x00000000bb400000, 0x0000000100000000)
  region size 1024K, 8 young (8192K), 8 survivors (8192K)
 Metaspace       used 147759K, committed 150336K, reserved 1179648K
  class space    used 19843K, committed 21120K, reserved 1048576K
}
Event: 109.851 GC heap before
{Heap before GC invocations=49 (full 0):
 garbage-first heap   total 244736K, used 242677K [0x00000000bb400000, 0x0000000100000000)
  region size 1024K, 81 young (82944K), 8 survivors (8192K)
 Metaspace       used 151939K, committed 154496K, reserved 1245184K
  class space    used 20501K, committed 21760K, reserved 1048576K
}
Event: 109.867 GC heap after
{Heap after GC invocations=50 (full 0):
 garbage-first heap   total 279552K, used 180494K [0x00000000bb400000, 0x0000000100000000)
  region size 1024K, 11 young (11264K), 11 survivors (11264K)
 Metaspace       used 151939K, committed 154496K, reserved 1245184K
  class space    used 20501K, committed 21760K, reserved 1048576K
}
Event: 109.928 GC heap before
{Heap before GC invocations=50 (full 0):
 garbage-first heap   total 279552K, used 193806K [0x00000000bb400000, 0x0000000100000000)
  region size 1024K, 26 young (26624K), 11 survivors (11264K)
 Metaspace       used 152233K, committed 154816K, reserved 1245184K
  class space    used 20511K, committed 21760K, reserved 1048576K
}
Event: 109.935 GC heap after
{Heap after GC invocations=51 (full 0):
 garbage-first heap   total 279552K, used 189790K [0x00000000bb400000, 0x0000000100000000)
  region size 1024K, 8 young (8192K), 8 survivors (8192K)
 Metaspace       used 152233K, committed 154816K, reserved 1245184K
  class space    used 20511K, committed 21760K, reserved 1048576K
}
Event: 110.256 GC heap before
{Heap before GC invocations=52 (full 0):
 garbage-first heap   total 360448K, used 242014K [0x00000000bb400000, 0x0000000100000000)
  region size 1024K, 58 young (59392K), 8 survivors (8192K)
 Metaspace       used 153148K, committed 155776K, reserved 1245184K
  class space    used 20601K, committed 21888K, reserved 1048576K
}
Event: 110.264 GC heap after
{Heap after GC invocations=53 (full 0):
 garbage-first heap   total 360448K, used 210168K [0x00000000bb400000, 0x0000000100000000)
  region size 1024K, 8 young (8192K), 8 survivors (8192K)
 Metaspace       used 153148K, committed 155776K, reserved 1245184K
  class space    used 20601K, committed 21888K, reserved 1048576K
}

Dll operation events (16 events):
Event: 0.012 Loaded shared library C:\Program Files\Java\jdk-21.0.12\bin\java.dll
Event: 0.059 Loaded shared library C:\Program Files\Java\jdk-21.0.12\bin\jsvml.dll
Event: 0.110 Loaded shared library C:\Program Files\Java\jdk-21.0.12\bin\zip.dll
Event: 0.114 Loaded shared library C:\Program Files\Java\jdk-21.0.12\bin\instrument.dll
Event: 0.163 Loaded shared library C:\Program Files\Java\jdk-21.0.12\bin\net.dll
Event: 0.166 Loaded shared library C:\Program Files\Java\jdk-21.0.12\bin\nio.dll
Event: 0.173 Loaded shared library C:\Program Files\Java\jdk-21.0.12\bin\zip.dll
Event: 0.380 Loaded shared library C:\Program Files\Java\jdk-21.0.12\bin\jimage.dll
Event: 0.494 Loaded shared library C:\Program Files\Java\jdk-21.0.12\bin\verify.dll
Event: 0.663 Loaded shared library C:\Users\pars\.gradle\native\c067742578af261105cb4f569cf0c3c89f3d7b1fecec35dd04571415982c5e48\windows-amd64\native-platform.dll
Event: 0.668 Loaded shared library C:\Users\pars\.gradle\native\100fb08df4bc3b14c8652ba06237920a3bd2aa13389f12d3474272988ae205f9\windows-amd64\native-platform-file-events.dll
Event: 1.758 Loaded shared library C:\Program Files\Java\jdk-21.0.12\bin\management.dll
Event: 1.761 Loaded shared library C:\Program Files\Java\jdk-21.0.12\bin\management_ext.dll
Event: 2.089 Loaded shared library C:\Program Files\Java\jdk-21.0.12\bin\extnet.dll
Event: 2.335 Loaded shared library C:\Program Files\Java\jdk-21.0.12\bin\sunmscapi.dll
Event: 49.176 Loaded shared library C:\Program Files\Java\jdk-21.0.12\bin\rmi.dll

Deoptimization events (20 events):
Event: 110.305 Thread 0x000002757840dd50 DEOPT PACKING pc=0x0000027564b7dc98 sp=0x0000009f7a7fd780
Event: 110.305 Thread 0x000002757840dd50 DEOPT UNPACKING pc=0x00000275640c7da2 sp=0x0000009f7a7fd730 mode 2
Event: 110.308 Thread 0x000002757840dd50 Uncommon trap: trap_request=0xffffff45 fr.pc=0x00000275649581d8 relative=0x0000000000000198
Event: 110.308 Thread 0x000002757840dd50 Uncommon trap: reason=unstable_if action=reinterpret pc=0x00000275649581d8 method=java.util.IdentityHashMap.maskNull(Ljava/lang/Object;)Ljava/lang/Object; @ 1 c2
Event: 110.308 Thread 0x000002757840dd50 DEOPT PACKING pc=0x00000275649581d8 sp=0x0000009f7a7fd710
Event: 110.308 Thread 0x000002757840dd50 DEOPT UNPACKING pc=0x00000275640c7da2 sp=0x0000009f7a7fd638 mode 2
Event: 110.414 Thread 0x0000027545b0d9f0 Uncommon trap: trap_request=0xffffff45 fr.pc=0x0000027564cb7e3c relative=0x00000000000004bc
Event: 110.414 Thread 0x0000027545b0d9f0 Uncommon trap: reason=unstable_if action=reinterpret pc=0x0000027564cb7e3c method=sun.nio.fs.WindowsPath.compareTo(Ljava/nio/file/Path;)I @ 97 c2
Event: 110.414 Thread 0x0000027545b0d9f0 DEOPT PACKING pc=0x0000027564cb7e3c sp=0x0000009f691fd5c0
Event: 110.414 Thread 0x0000027545b0d9f0 DEOPT UNPACKING pc=0x00000275640c7da2 sp=0x0000009f691fd4b8 mode 2
Event: 110.495 Thread 0x0000027578405380 DEOPT PACKING pc=0x000002755d0b85c2 sp=0x0000009f7befec40
Event: 110.495 Thread 0x0000027578405380 DEOPT UNPACKING pc=0x00000275640c88e2 sp=0x0000009f7befe0b8 mode 0
Event: 110.495 Thread 0x00000275783f9bc0 DEOPT PACKING pc=0x000002755d0b85c2 sp=0x0000009f7abfec20
Event: 110.495 Thread 0x00000275783f9bc0 DEOPT UNPACKING pc=0x00000275640c88e2 sp=0x0000009f7abfe098 mode 0
Event: 110.495 Thread 0x00000275783f7460 DEOPT PACKING pc=0x000002755d0b85c2 sp=0x0000009f7b4febf0
Event: 110.495 Thread 0x00000275783f7460 DEOPT UNPACKING pc=0x00000275640c88e2 sp=0x0000009f7b4fe068 mode 0
Event: 110.496 Thread 0x0000027578404cf0 DEOPT PACKING pc=0x000002755d0b85c2 sp=0x0000009f7b9feef0
Event: 110.496 Thread 0x00000275783f9bc0 DEOPT PACKING pc=0x000002755d0b85c2 sp=0x0000009f7abfec20
Event: 110.496 Thread 0x0000027578404cf0 DEOPT UNPACKING pc=0x00000275640c88e2 sp=0x0000009f7b9fe368 mode 0
Event: 110.496 Thread 0x00000275783f9bc0 DEOPT UNPACKING pc=0x00000275640c88e2 sp=0x0000009f7abfe098 mode 0

Classes loaded (20 events):
Event: 109.246 Loading class javax/xml/stream/XMLStreamReader
Event: 109.246 Loading class javax/xml/stream/XMLStreamReader done
Event: 109.411 Loading class java/io/PushbackInputStream
Event: 109.411 Loading class java/io/PushbackInputStream done
Event: 109.517 Loading class java/nio/BufferUnderflowException
Event: 109.517 Loading class java/nio/BufferUnderflowException done
Event: 109.654 Loading class java/util/concurrent/ForkJoinTask$AdaptedCallable
Event: 109.654 Loading class java/util/concurrent/ForkJoinTask$AdaptedCallable done
Event: 109.699 Loading class java/nio/HeapShortBuffer
Event: 109.700 Loading class java/nio/HeapShortBuffer done
Event: 109.709 Loading class java/util/AbstractList$RandomAccessSubList
Event: 109.709 Loading class java/util/AbstractList$SubList
Event: 109.710 Loading class java/util/AbstractList$SubList done
Event: 109.710 Loading class java/util/AbstractList$RandomAccessSubList done
Event: 109.710 Loading class java/util/AbstractList$SubList$1
Event: 109.710 Loading class java/util/AbstractList$SubList$1 done
Event: 110.024 Loading class java/nio/channels/Channels$ReadableByteChannelImpl
Event: 110.024 Loading class java/nio/channels/Channels$ReadableByteChannelImpl done
Event: 110.030 Loading class java/nio/channels/NonWritableChannelException
Event: 110.030 Loading class java/nio/channels/NonWritableChannelException done

Classes unloaded (20 events):
Event: 108.850 Thread 0x0000027571811340 Unloading class 0x0000027502060000 'jdk/internal/jrtfs/JrtFileSystemProvider'
Event: 109.996 Thread 0x0000027571811340 Unloading class 0x00000275022dd400 'java/lang/invoke/LambdaForm$DMH+0x00000275022dd400'
Event: 109.996 Thread 0x0000027571811340 Unloading class 0x00000275022dd000 'java/lang/invoke/LambdaForm$DMH+0x00000275022dd000'
Event: 109.996 Thread 0x0000027571811340 Unloading class 0x00000275022dc800 'java/lang/invoke/LambdaForm$DMH+0x00000275022dc800'
Event: 109.996 Thread 0x0000027571811340 Unloading class 0x00000275022dc400 'java/lang/invoke/LambdaForm$DMH+0x00000275022dc400'
Event: 109.996 Thread 0x0000027571811340 Unloading class 0x00000275021f1400 'java/lang/invoke/LambdaForm$DMH+0x00000275021f1400'
Event: 109.996 Thread 0x0000027571811340 Unloading class 0x00000275021f1000 'java/lang/invoke/LambdaForm$DMH+0x00000275021f1000'
Event: 109.996 Thread 0x0000027571811340 Unloading class 0x00000275021f0400 'java/lang/invoke/LambdaForm$DMH+0x00000275021f0400'
Event: 109.996 Thread 0x0000027571811340 Unloading class 0x00000275021f0800 'java/lang/invoke/LambdaForm$DMH+0x00000275021f0800'
Event: 109.996 Thread 0x0000027571811340 Unloading class 0x00000275020e2c00 'jdk/internal/reflect/GeneratedSerializationConstructorAccessor142'
Event: 109.996 Thread 0x0000027571811340 Unloading class 0x00000275020e2800 'jdk/internal/reflect/GeneratedSerializationConstructorAccessor140'
Event: 109.996 Thread 0x0000027571811340 Unloading class 0x00000275020e2400 'jdk/internal/reflect/GeneratedSerializationConstructorAccessor134'
Event: 109.996 Thread 0x0000027571811340 Unloading class 0x00000275020e2000 'jdk/internal/reflect/GeneratedSerializationConstructorAccessor137'
Event: 109.996 Thread 0x0000027571811340 Unloading class 0x00000275020e1c00 'jdk/internal/reflect/GeneratedSerializationConstructorAccessor138'
Event: 109.996 Thread 0x0000027571811340 Unloading class 0x00000275020e1800 'jdk/internal/reflect/GeneratedSerializationConstructorAccessor133'
Event: 109.996 Thread 0x0000027571811340 Unloading class 0x00000275020e1400 'jdk/internal/reflect/GeneratedSerializationConstructorAccessor139'
Event: 109.996 Thread 0x0000027571811340 Unloading class 0x00000275020e1000 'jdk/internal/reflect/GeneratedSerializationConstructorAccessor131'
Event: 109.996 Thread 0x0000027571811340 Unloading class 0x00000275020e0800 'jdk/internal/reflect/GeneratedSerializationConstructorAccessor141'
Event: 109.996 Thread 0x0000027571811340 Unloading class 0x00000275020e0c00 'jdk/internal/reflect/GeneratedSerializationConstructorAccessor135'
Event: 109.996 Thread 0x0000027571811340 Unloading class 0x00000275020e0400 'jdk/internal/reflect/GeneratedSerializationConstructorAccessor132'

Classes redefined (0 events):
No events

Internal exceptions (20 events):
Event: 109.377 Thread 0x000002757c62d020 Exception <a 'java/lang/NoSuchMethodError'{0x00000000c699c3f0}: static Lkotlin/InitializedLazyImpl;.<clinit>()V> (0x00000000c699c3f0) 
thrown [s\open\src\hotspot\share\prims\jni.cpp, line 1111]
Event: 109.420 Thread 0x000002757840e3e0 Exception <a 'sun/nio/fs/WindowsException'{0x00000000c5d91158}> (0x00000000c5d91158) 
thrown [s\open\src\hotspot\share\prims\jni.cpp, line 520]
Event: 109.597 Thread 0x0000027545b0d9f0 Implicit null exception at 0x0000027564cbc8c4 to 0x0000027564cbca30
Event: 110.104 Thread 0x000002757840dd50 Exception <a 'java/lang/NoSuchMethodError'{0x00000000cdd57290}: 'void java.lang.invoke.DirectMethodHandle$Holder.invokeInterface(java.lang.Object, java.lang.Object, java.lang.Object, int)'> (0x00000000cdd57290) 
thrown [s\open\src\hotspot\share\interpreter\linkResolver.cpp, line 773]
Event: 110.191 Thread 0x000002757840dd50 Exception <a 'java/lang/IncompatibleClassChangeError'{0x00000000cd3ab5b0}: Found class java.lang.Object, but interface was expected> (0x00000000cd3ab5b0) 
thrown [s\open\src\hotspot\share\interpreter\linkResolver.cpp, line 840]
Event: 110.308 Thread 0x000002757840dd50 Implicit null exception at 0x0000027564958080 to 0x00000275649581c4
Event: 110.389 Thread 0x0000027545b0d9f0 Exception <a 'sun/nio/fs/WindowsException'{0x00000000fa0081c0}> (0x00000000fa0081c0) 
thrown [s\open\src\hotspot\share\prims\jni.cpp, line 520]
Event: 110.390 Thread 0x0000027545b0d9f0 Exception <a 'sun/nio/fs/WindowsException'{0x00000000fa008c68}> (0x00000000fa008c68) 
thrown [s\open\src\hotspot\share\prims\jni.cpp, line 520]
Event: 110.390 Thread 0x0000027545b0d9f0 Exception <a 'sun/nio/fs/WindowsException'{0x00000000fa0096c8}> (0x00000000fa0096c8) 
thrown [s\open\src\hotspot\share\prims\jni.cpp, line 520]
Event: 110.390 Thread 0x0000027545b0d9f0 Exception <a 'sun/nio/fs/WindowsException'{0x00000000fa00a180}> (0x00000000fa00a180) 
thrown [s\open\src\hotspot\share\prims\jni.cpp, line 520]
Event: 110.413 Thread 0x0000027545b0d9f0 Exception <a 'sun/nio/fs/WindowsException'{0x00000000f9d4ed98}> (0x00000000f9d4ed98) 
thrown [s\open\src\hotspot\share\prims\jni.cpp, line 520]
Event: 110.414 Thread 0x0000027545b0d9f0 Exception <a 'sun/nio/fs/WindowsException'{0x00000000f9d536e0}> (0x00000000f9d536e0) 
thrown [s\open\src\hotspot\share\prims\jni.cpp, line 520]
Event: 110.415 Thread 0x0000027545b0d9f0 Exception <a 'sun/nio/fs/WindowsException'{0x00000000f9d54078}> (0x00000000f9d54078) 
thrown [s\open\src\hotspot\share\prims\jni.cpp, line 520]
Event: 110.415 Thread 0x0000027545b0d9f0 Exception <a 'sun/nio/fs/WindowsException'{0x00000000f9d54ae0}> (0x00000000f9d54ae0) 
thrown [s\open\src\hotspot\share\prims\jni.cpp, line 520]
Event: 110.415 Thread 0x0000027545b0d9f0 Exception <a 'sun/nio/fs/WindowsException'{0x00000000f9d555b0}> (0x00000000f9d555b0) 
thrown [s\open\src\hotspot\share\prims\jni.cpp, line 520]
Event: 110.415 Thread 0x0000027545b0d9f0 Exception <a 'sun/nio/fs/WindowsException'{0x00000000f9d56ae8}> (0x00000000f9d56ae8) 
thrown [s\open\src\hotspot\share\prims\jni.cpp, line 520]
Event: 110.415 Thread 0x0000027545b0d9f0 Exception <a 'sun/nio/fs/WindowsException'{0x00000000f9d57a90}> (0x00000000f9d57a90) 
thrown [s\open\src\hotspot\share\prims\jni.cpp, line 520]
Event: 110.415 Thread 0x0000027545b0d9f0 Exception <a 'sun/nio/fs/WindowsException'{0x00000000f9d58698}> (0x00000000f9d58698) 
thrown [s\open\src\hotspot\share\prims\jni.cpp, line 520]
Event: 110.415 Thread 0x0000027545b0d9f0 Exception <a 'sun/nio/fs/WindowsException'{0x00000000f9d59378}> (0x00000000f9d59378) 
thrown [s\open\src\hotspot\share\prims\jni.cpp, line 520]
Event: 110.415 Thread 0x0000027545b0d9f0 Exception <a 'sun/nio/fs/WindowsException'{0x00000000f9d5a0d8}> (0x00000000f9d5a0d8) 
thrown [s\open\src\hotspot\share\prims\jni.cpp, line 520]

ZGC Phase Switch (0 events):
No events

VM Operations (20 events):
Event: 109.703 Executing VM operation: HandshakeAllThreads (Deoptimize)
Event: 109.704 Executing VM operation: HandshakeAllThreads (Deoptimize) done
Event: 109.846 Executing VM operation: G1CollectForAllocation (G1 Evacuation Pause)
Event: 109.867 Executing VM operation: G1CollectForAllocation (G1 Evacuation Pause) done
Event: 109.873 Executing VM operation: HandshakeAllThreads (Deoptimize)
Event: 109.876 Executing VM operation: HandshakeAllThreads (Deoptimize) done
Event: 109.888 Executing VM operation: HandshakeAllThreads (Deoptimize)
Event: 109.889 Executing VM operation: HandshakeAllThreads (Deoptimize) done
Event: 109.928 Executing VM operation: G1TryInitiateConcMark (G1 Humongous Allocation)
Event: 109.935 Executing VM operation: G1TryInitiateConcMark (G1 Humongous Allocation) done
Event: 109.995 Executing VM operation: G1PauseRemark
Event: 110.015 Executing VM operation: G1PauseRemark done
Event: 110.029 Executing VM operation: HandshakeAllThreads (Deoptimize)
Event: 110.030 Executing VM operation: HandshakeAllThreads (Deoptimize) done
Event: 110.044 Executing VM operation: G1PauseCleanup
Event: 110.044 Executing VM operation: G1PauseCleanup done
Event: 110.256 Executing VM operation: G1CollectForAllocation (G1 Evacuation Pause)
Event: 110.264 Executing VM operation: G1CollectForAllocation (G1 Evacuation Pause) done
Event: 110.434 Executing VM operation: HandshakeAllThreads (Deoptimize)
Event: 110.435 Executing VM operation: HandshakeAllThreads (Deoptimize) done

Events (20 events):
Event: 110.014 Thread 0x0000027571811340 flushing nmethod 0x000002755d8a4090
Event: 110.014 Thread 0x0000027571811340 flushing nmethod 0x000002755d8c0b90
Event: 110.014 Thread 0x0000027571811340 flushing nmethod 0x000002755d8d9b10
Event: 110.014 Thread 0x0000027571811340 flushing nmethod 0x000002755d8dab90
Event: 110.014 Thread 0x0000027571811340 flushing nmethod 0x000002755e12ac90
Event: 110.014 Thread 0x0000027571811340 flushing nmethod 0x000002755e2e6590
Event: 110.014 Thread 0x0000027571811340 flushing nmethod 0x000002755e2e8710
Event: 110.014 Thread 0x0000027571811340 flushing nmethod 0x000002756481ab90
Event: 110.014 Thread 0x0000027571811340 flushing nmethod 0x0000027564ab9690
Event: 110.014 Thread 0x0000027571811340 flushing nmethod 0x0000027564b14610
Event: 110.014 Thread 0x0000027571811340 flushing nmethod 0x000002755cdc8110
Event: 110.014 Thread 0x0000027571811340 flushing nmethod 0x000002755ce41b90
Event: 110.014 Thread 0x0000027571811340 flushing nmethod 0x000002755d162290
Event: 110.014 Thread 0x0000027571811340 flushing nmethod 0x000002755d190d90
Event: 110.014 Thread 0x0000027571811340 flushing nmethod 0x000002755d3ff090
Event: 110.014 Thread 0x0000027571811340 flushing nmethod 0x000002755d593390
Event: 110.014 Thread 0x0000027571811340 flushing nmethod 0x000002755d597b10
Event: 110.014 Thread 0x0000027571811340 flushing nmethod 0x000002755dce1110
Event: 110.014 Thread 0x0000027571811340 flushing nmethod 0x000002755e23c790
Event: 110.014 Thread 0x0000027571811340 flushing nmethod 0x000002755e23d010


Dynamic libraries:
0x00007ff725b00000 - 0x00007ff725b10000 	C:\Program Files\Java\jdk-21.0.12\bin\java.exe
0x00007ffc0aa50000 - 0x00007ffc0ac67000 	C:\Windows\SYSTEM32\ntdll.dll
0x00007ffc09fa0000 - 0x00007ffc0a064000 	C:\Windows\System32\KERNEL32.DLL
0x00007ffc080b0000 - 0x00007ffc08467000 	C:\Windows\System32\KERNELBASE.dll
0x00007ffc08660000 - 0x00007ffc08771000 	C:\Windows\System32\ucrtbase.dll
0x00007ffbf7d90000 - 0x00007ffbf7dae000 	C:\Program Files\Java\jdk-21.0.12\bin\VCRUNTIME140.dll
0x00007ffbef390000 - 0x00007ffbef3a9000 	C:\Program Files\Java\jdk-21.0.12\bin\jli.dll
0x00007ffc09290000 - 0x00007ffc09342000 	C:\Windows\System32\ADVAPI32.dll
0x00007ffc08780000 - 0x00007ffc08827000 	C:\Windows\System32\msvcrt.dll
0x00007ffc0a860000 - 0x00007ffc0a908000 	C:\Windows\System32\sechost.dll
0x00007ffc08590000 - 0x00007ffc085b8000 	C:\Windows\System32\bcrypt.dll
0x00007ffc0a580000 - 0x00007ffc0a694000 	C:\Windows\System32\RPCRT4.dll
0x00007ffc0a2e0000 - 0x00007ffc0a48f000 	C:\Windows\System32\USER32.dll
0x00007ffc08080000 - 0x00007ffc080a6000 	C:\Windows\System32\win32u.dll
0x00007ffc08eb0000 - 0x00007ffc08ed9000 	C:\Windows\System32\GDI32.dll
0x00007ffbe81d0000 - 0x00007ffbe8463000 	C:\Windows\WinSxS\amd64_microsoft.windows.common-controls_6595b64144ccf1df_6.0.22621.3672_none_2713b9d173822955\COMCTL32.dll
0x00007ffc08470000 - 0x00007ffc08588000 	C:\Windows\System32\gdi32full.dll
0x00007ffc085c0000 - 0x00007ffc0865a000 	C:\Windows\System32\msvcp_win.dll
0x00007ffc05710000 - 0x00007ffc0571a000 	C:\Windows\SYSTEM32\VERSION.dll
0x00007ffc08830000 - 0x00007ffc08861000 	C:\Windows\System32\IMM32.DLL
0x00007ffbf7cb0000 - 0x00007ffbf7cbc000 	C:\Program Files\Java\jdk-21.0.12\bin\vcruntime140_1.dll
0x00007ffbbbba0000 - 0x00007ffbbbc2d000 	C:\Program Files\Java\jdk-21.0.12\bin\msvcp140.dll
0x00007ffb74000000 - 0x00007ffb74d28000 	C:\Program Files\Java\jdk-21.0.12\bin\server\jvm.dll
0x00007ffc08e20000 - 0x00007ffc08e91000 	C:\Windows\System32\WS2_32.dll
0x00007ffc06e10000 - 0x00007ffc06e5d000 	C:\Windows\SYSTEM32\POWRPROF.dll
0x00007ffbfa800000 - 0x00007ffbfa834000 	C:\Windows\SYSTEM32\WINMM.dll
0x00007ffc06df0000 - 0x00007ffc06e03000 	C:\Windows\SYSTEM32\UMPDC.dll
0x00007ffc06e60000 - 0x00007ffc06e78000 	C:\Windows\SYSTEM32\kernel.appcore.dll
0x00007ffbf6a70000 - 0x00007ffbf6a7a000 	C:\Program Files\Java\jdk-21.0.12\bin\jimage.dll
0x00007ffbfd6a0000 - 0x00007ffbfd8d2000 	C:\Windows\SYSTEM32\DBGHELP.DLL
0x00007ffc08ee0000 - 0x00007ffc0926e000 	C:\Windows\System32\combase.dll
0x00007ffc09350000 - 0x00007ffc09427000 	C:\Windows\System32\OLEAUT32.dll
0x00007ffbf05c0000 - 0x00007ffbf05f2000 	C:\Windows\SYSTEM32\dbgcore.DLL
0x00007ffc07f40000 - 0x00007ffc07fbb000 	C:\Windows\System32\bcryptPrimitives.dll
0x00007ffbeef10000 - 0x00007ffbeef20000 	C:\Program Files\Java\jdk-21.0.12\bin\instrument.dll
0x00007ffbd2b60000 - 0x00007ffbd2b81000 	C:\Program Files\Java\jdk-21.0.12\bin\java.dll
0x00007ffc09730000 - 0x00007ffc09f99000 	C:\Windows\System32\SHELL32.dll
0x00007ffc05c80000 - 0x00007ffc0657f000 	C:\Windows\SYSTEM32\windows.storage.dll
0x00007ffc05b40000 - 0x00007ffc05c7f000 	C:\Windows\SYSTEM32\wintypes.dll
0x00007ffc0a910000 - 0x00007ffc0aa09000 	C:\Windows\System32\SHCORE.dll
0x00007ffc0a4f0000 - 0x00007ffc0a54e000 	C:\Windows\System32\shlwapi.dll
0x00007ffc07c90000 - 0x00007ffc07cb7000 	C:\Windows\SYSTEM32\profapi.dll
0x00007ffbbb9f0000 - 0x00007ffbbbac7000 	C:\Program Files\Java\jdk-21.0.12\bin\jsvml.dll
0x00007ffbd2c80000 - 0x00007ffbd2c98000 	C:\Program Files\Java\jdk-21.0.12\bin\zip.dll
0x00007ffbd90f0000 - 0x00007ffbd9101000 	C:\Program Files\Java\jdk-21.0.12\bin\net.dll
0x00007ffc03890000 - 0x00007ffc039c6000 	C:\Windows\SYSTEM32\WINHTTP.dll
0x00007ffc072c0000 - 0x00007ffc07329000 	C:\Windows\system32\mswsock.dll
0x00007ffbd66f0000 - 0x00007ffbd6706000 	C:\Program Files\Java\jdk-21.0.12\bin\nio.dll
0x00007ffbf62f0000 - 0x00007ffbf6300000 	C:\Program Files\Java\jdk-21.0.12\bin\verify.dll
0x00007ffbeefe0000 - 0x00007ffbef007000 	C:\Users\pars\.gradle\native\c067742578af261105cb4f569cf0c3c89f3d7b1fecec35dd04571415982c5e48\windows-amd64\native-platform.dll
0x00007ffbb9f00000 - 0x00007ffbba044000 	C:\Users\pars\.gradle\native\100fb08df4bc3b14c8652ba06237920a3bd2aa13389f12d3474272988ae205f9\windows-amd64\native-platform-file-events.dll
0x00007ffbf0680000 - 0x00007ffbf068a000 	C:\Program Files\Java\jdk-21.0.12\bin\management.dll
0x00007ffbef320000 - 0x00007ffbef32c000 	C:\Program Files\Java\jdk-21.0.12\bin\management_ext.dll
0x00007ffc08d90000 - 0x00007ffc08d98000 	C:\Windows\System32\PSAPI.DLL
0x00007ffc07610000 - 0x00007ffc0762b000 	C:\Windows\SYSTEM32\CRYPTSP.dll
0x00007ffc06d50000 - 0x00007ffc06d85000 	C:\Windows\system32\rsaenh.dll
0x00007ffc07360000 - 0x00007ffc07388000 	C:\Windows\SYSTEM32\USERENV.dll
0x00007ffc075f0000 - 0x00007ffc075fc000 	C:\Windows\SYSTEM32\CRYPTBASE.dll
0x00007ffc06820000 - 0x00007ffc0684d000 	C:\Windows\SYSTEM32\IPHLPAPI.DLL
0x00007ffc08ea0000 - 0x00007ffc08ea9000 	C:\Windows\System32\NSI.dll
0x00007ffbe1d30000 - 0x00007ffbe1d39000 	C:\Program Files\Java\jdk-21.0.12\bin\extnet.dll
0x00007ffbe1c90000 - 0x00007ffbe1c9e000 	C:\Program Files\Java\jdk-21.0.12\bin\sunmscapi.dll
0x00007ffc07dd0000 - 0x00007ffc07f36000 	C:\Windows\System32\CRYPT32.dll
0x00007ffc07720000 - 0x00007ffc0774d000 	C:\Windows\SYSTEM32\ncrypt.dll
0x00007ffc076e0000 - 0x00007ffc07717000 	C:\Windows\SYSTEM32\NTASN1.dll
0x00007ffbdc320000 - 0x00007ffbdc328000 	C:\Windows\system32\wshunix.dll
0x00007ffbeb720000 - 0x00007ffbeb737000 	C:\Windows\system32\napinsp.dll
0x00007ffbfa1b0000 - 0x00007ffbfa1cb000 	C:\Windows\system32\pnrpnsp.dll
0x00007ffc06850000 - 0x00007ffc06952000 	C:\Windows\SYSTEM32\DNSAPI.dll
0x00007ffbec4d0000 - 0x00007ffbec4e1000 	C:\Windows\System32\winrnr.dll
0x00007ffbea490000 - 0x00007ffbea4a5000 	C:\Windows\system32\wshbth.dll
0x00007ffbea460000 - 0x00007ffbea487000 	C:\Windows\system32\nlansp_c.dll
0x00007ffc00160000 - 0x00007ffc0016a000 	C:\Windows\System32\rasadhlp.dll
0x00007ffc007e0000 - 0x00007ffc00863000 	C:\Windows\System32\fwpuclnt.dll
0x00007ffbe1820000 - 0x00007ffbe1827000 	C:\Program Files\Java\jdk-21.0.12\bin\rmi.dll

dbghelp: loaded successfully - version: 4.0.5 - missing functions: none
symbol engine: initialized successfully - sym options: 0x614 - pdb path: .;C:\Program Files\Java\jdk-21.0.12\bin;C:\Windows\SYSTEM32;C:\Windows\WinSxS\amd64_microsoft.windows.common-controls_6595b64144ccf1df_6.0.22621.3672_none_2713b9d173822955;C:\Program Files\Java\jdk-21.0.12\bin\server;C:\Users\pars\.gradle\native\c067742578af261105cb4f569cf0c3c89f3d7b1fecec35dd04571415982c5e48\windows-amd64;C:\Users\pars\.gradle\native\100fb08df4bc3b14c8652ba06237920a3bd2aa13389f12d3474272988ae205f9\windows-amd64

VM Arguments:
jvm_args: --add-opens=java.base/java.lang=ALL-UNNAMED --add-opens=java.base/java.lang.invoke=ALL-UNNAMED --add-opens=java.base/java.util=ALL-UNNAMED --add-opens=java.prefs/java.util.prefs=ALL-UNNAMED --add-exports=jdk.compiler/com.sun.tools.javac.api=ALL-UNNAMED --add-exports=jdk.compiler/com.sun.tools.javac.util=ALL-UNNAMED --add-opens=java.base/java.util=ALL-UNNAMED --add-opens=java.prefs/java.util.prefs=ALL-UNNAMED --add-opens=java.base/java.nio.charset=ALL-UNNAMED --add-opens=java.base/java.net=ALL-UNNAMED --add-opens=java.base/java.util.concurrent.atomic=ALL-UNNAMED --add-opens=java.xml/javax.xml.namespace=ALL-UNNAMED -Xmx1100m -Dfile.encoding=UTF-8 -Duser.country=US -Duser.language=en -Duser.variant -javaagent:C:\Users\pars\.gradle\wrapper\dists\gradle-8.11.1-bin\bpt9gzteqjrbo1mjrsomdt32c\gradle-8.11.1\lib\agents\gradle-instrumentation-agent-8.11.1.jar 
java_command: org.gradle.launcher.daemon.bootstrap.GradleDaemon 8.11.1
java_class_path (initial): C:\Users\pars\.gradle\wrapper\dists\gradle-8.11.1-bin\bpt9gzteqjrbo1mjrsomdt32c\gradle-8.11.1\lib\gradle-daemon-main-8.11.1.jar
Launcher Type: SUN_STANDARD

[Global flags]
     intx CICompilerCount                          = 12                                        {product} {ergonomic}
     uint ConcGCThreads                            = 5                                         {product} {ergonomic}
     uint G1ConcRefinementThreads                  = 18                                        {product} {ergonomic}
   size_t G1HeapRegionSize                         = 1048576                                   {product} {ergonomic}
    uintx GCDrainStackTargetSize                   = 64                                        {product} {ergonomic}
   size_t InitialHeapSize                          = 1153433600                                {product} {ergonomic}
   size_t MarkStackSize                            = 4194304                                   {product} {ergonomic}
   size_t MaxHeapSize                              = 1153433600                                {product} {command line}
   size_t MaxNewSize                               = 692060160                                 {product} {ergonomic}
   size_t MinHeapDeltaBytes                        = 1048576                                   {product} {ergonomic}
   size_t MinHeapSize                              = 8388608                                   {product} {ergonomic}
    uintx NonNMethodCodeHeapSize                   = 7602480                                {pd product} {ergonomic}
    uintx NonProfiledCodeHeapSize                  = 122027880                              {pd product} {ergonomic}
    uintx ProfiledCodeHeapSize                     = 122027880                              {pd product} {ergonomic}
    uintx ReservedCodeCacheSize                    = 251658240                              {pd product} {ergonomic}
     bool SegmentedCodeCache                       = true                                      {product} {ergonomic}
   size_t SoftMaxHeapSize                          = 1153433600                             {manageable} {ergonomic}
     bool UseCompressedOops                        = true                           {product lp64_product} {ergonomic}
     bool UseG1GC                                  = true                                      {product} {ergonomic}
     bool UseLargePagesIndividualAllocation        = false                                  {pd product} {ergonomic}

Logging:
Log output configuration:
 #0: stdout all=warning uptime,level,tags foldmultilines=false
 #1: stderr all=off uptime,level,tags foldmultilines=false

Environment Variables:
CLASSPATH=D:\xampp\htdocs\pcoin\contrib\android\\gradle\wrapper\gradle-wrapper.jar
PATH=C:\Program Files\Common Files\Oracle\Java\javapath;C:\Python313\Scripts\;C:\Python313\;C:\Windows\system32;C:\Windows;C:\Windows\System32\Wbem;C:\Windows\System32\WindowsPowerShell\v1.0\;C:\Windows\System32\OpenSSH\;D:\xampp\php;C:\ProgramData\ComposerSetup\bin;D:\libimobile;C:\platform-tools;C:\Program Files\nodejs;D:\xampp\htdocs\remote_instance_control_server\data\instruction\android-automation\apktool;C:\make;C:\android-ndk-r27\build;C:\ProgramData\chocolatey\bin;D:\ffmpeg-master-latest-win64-gpl\bin;C:\Program Files\VideoLAN\VLC;C:\Program Files\Tesseract-OCR;C:\Program Files\IDM Computer Solutions\UltraEdit;C:\frp;C:\Program Files\dotnet\;C:\ProgramData\chocolatey\lib\ffmpeg\tools\ffmpeg\bin;C:\Program Files\CMake\bin;C:\Program Files\Android\Android Studio\jbr\bin;C:\Program Files\GitHub CLI\;C:\nodejs-v22\;C:\Program Files (x86)\NVIDIA Corporation\PhysX\Common;C:\Program Files\NVIDIA Corporation\NVIDIA NvDLISR;C:\Program Files\Git\cmd;C:\Program Files\TortoiseGit\bin;C:\Program Files\PuTTY\;C:\Program Files\Go\bin;E:\depot_tools;C:\Users\pars\AppData\Local\Programs\Python\Python310\Scripts\;C:\Users\pars\AppData\Local\Programs\Python\Python310\;C:\Users\pars\AppData\Local\Programs\Python\Launcher\;c:\Users\pars\AppData\Local\Programs\cursor\resources\app\codeBin;C:\Users\pars\AppData\Local\Microsoft\WindowsApps;C:\Users\pars\AppData\Roaming\Composer\vendor\bin;c:\users\pars\appdata\local\packages\pythonsoftwarefoundation.python.3.12_qbz5n2kfra8p0\localcache\local-packages\python312\scripts;c:\users\pars\.local\bin;;C:\Users\pars\AppData\Local\Programs\Ollama;C:\Users\pars\AppData\Local\Programs\Microsoft VS Code\bin;C:\Program Files\JetBrains\IntelliJ IDEA 2025.2.1\bin;C:\Users\pars\AppData\Local\Microsoft\WinGet\Packages\Ninja-build.Ninja_Microsoft.Winget.Source_8wekyb3d8bbwe;;C:\Users\pars\.lmstudio\bin;C:\Users\pars\go\bin;C:\Program Files\JetBrains\IntelliJ IDEA 2025.3.2\bin;C:\Users\pars\AppData\Local\Google\Cloud SDK\google-cloud-sdk\bin;C:\Users\pars\.dotnet\tools;C:\Users\pars\AppData\Roaming\npm;C:\Users\pars\.bun\bin;C:\src\flutter\bin;C:\Users\pars\.dotnet\tools;C:\Users\pars\go\bin;C:\Users\pars\AppData\Local\Microsoft\WinGet\Packages\Gyan.FFmpeg_Microsoft.Winget.Source_8wekyb3d8bbwe\ffmpeg-9.0-full_build\bin;
USERNAME=pars
OS=Windows_NT
PROCESSOR_IDENTIFIER=Intel64 Family 6 Model 85 Stepping 7, GenuineIntel
TMP=C:\Users\pars\AppData\Local\Temp
TEMP=C:\Users\pars\AppData\Local\Temp




Periodic native trim disabled

---------------  S Y S T E M  ---------------

OS:
 Windows 11 , 64 bit Build 22621 (10.0.22621.3958)
OS uptime: 11 days 10:19 hours
Hyper-V role detected

CPU: total 24 (initial active 24) (12 cores per cpu, 2 threads per core) family 6 model 85 stepping 7 microcode 0x5003003, cx8, cmov, fxsr, ht, mmx, 3dnowpref, sse, sse2, sse3, ssse3, sse4.1, sse4.2, popcnt, lzcnt, tsc, tscinvbit, avx, avx2, aes, erms, clmul, bmi1, bmi2, adx, avx512f, avx512dq, avx512cd, avx512bw, avx512vl, fma, vzeroupper, avx512_vnni, clflush, clflushopt, clwb, hv, rdtscp, f16c
Processor Information for all 24 processors :
  Max Mhz: 3504, Current Mhz: 3504, Mhz Limit: 3504

Memory: 4k page, system-wide physical 81620M (21513M free)
TotalPageFile size 113029M (AvailPageFile size 5M)
current process WorkingSet (physical memory assigned to process): 815M, peak: 817M
current process commit charge ("private bytes"): 926M, peak: 1353M

vm_info: Java HotSpot(TM) 64-Bit Server VM (21.0.12+7-LTS-205) for windows-amd64 JRE (21.0.12+7-LTS-205), built on 2026-06-02T04:23:32Z by "mach5run" with MS VC++ 17.13 (VS2022)

END.
